regional_id,name
1,TRUMON
1,TRUMON TIMUR
1,BAKONGAN
1,BAKONGAN TIMUR
1,KLUET SELATAN
1,KLUET TIMUR
1,KLUET UTARA
1,PASIE RAJA
1,KLUET TENGAH
1,TAPAK TUAN
1,SAMA DUA
1,SAWANG
1,MEUKEK
1,LABUHAN HAJI
1,LABUHAN HAJI TIMUR
1,LABUHAN HAJI BARAT
2,LAWE ALAS
2,BABUL RAHMAD
2,TANOH ALAS
2,LAWE SIGALA-GALA
2,BABUL MAKMUR
2,SEMADAM
2,LAUSER
2,BAMBEL
2,BUKIT TUSAM
2,LAWE SUMUR
2,BABUSSALAM
2,LAWE BULAN
2,BADAR
2,DARUL HASANAH
2,KETAMBE
2,DELENG POKHKISEN
3,SERBA JADI
3,SIMPANG JERNIH
3,PEUNARON
3,BIREM BAYEUN
3,RANTAU SELAMAT
3,SUNGAI RAYA
3,PEUREULAK
3,PEUREULAK TIMUR
3,PEUREULAK BARAT
3,RANTO PEUREULAK
3,IDI RAYEUK
3,PEUDAWA
3,BANDA ALAM
3,IDI TUNONG
3,DARUL IHSAN
3,IDI TIMUR
3,DARUL AMAN
3,NURUSSALAM
3,DARUL FALAH
3,JULOK
3,INDRA MAKMUR
3,PANTE BIDARI
3,SIMPANG ULIM
3,MADAT
4,LINGE
4,ATU LINTANG
4,JAGONG JEGET
4,BINTANG
4,LUT TAWAR
4,KEBAYAKAN
4,PEGASING
4,BIES
4,BEBESEN
4,KUTE PANANG
4,SILIH NARA
4,KETOL
4,CELALA
4,RUSIP ANTARA
5,JOHAN PAHLAWAN
5,SAMATIGA
5,BUBON
5,ARONGAN LAMBALEK
5,WOYLA
5,WOYLA BARAT
5,WOYLA TIMUR
5,KAWAY XVI
5,MEUREUBO
5,PANTAI CEUREMEN
5,PANTON REU
5,SUNGAI MAS
6,LHOONG
6,LHOKNGA
6,LEUPUNG
6,INDRAPURI
6,KUTA COT GLIE
6,SEULIMEUM
6,KOTA JANTHO
6,LEMBAH SEULAWAH
6,MESJID RAYA
6,DARUSSALAM
6,BAITUSSALAM
6,KUTA BARO
6,MONTASIK
6,BLANG BINTANG
6,INGIN JAYA
6,KRUENG BARONA JAYA
6,SUKA MAKMUR
6,KUTA MALAKA
6,SIMPANG TIGA
6,DARUL IMARAH
6,DARUL KAMAL
6,PEUKAN BADA
6,PULO ACEH
7,GEUMPANG
7,MANE
7,GLUMPANG TIGA
7,GLUMPANG BARO
7,MUTIARA
7,MUTIARA TIMUR
7,TIRO/TRUSEB
7,TANGSE
7,KEUMALA
7,TITEUE
7,SAKTI
7,MILA
7,PADANG TIJI
7,DELIMA
7,GRONG GRONG
7,INDRAJAYA
7,PEUKAN BARO
7,KEMBANG TANJONG
7,SIMPANG TIGA
7,KOTA SIGLI
7,PIDIE
7,BATEE
7,MUARA TIGA
8,SAWANG
8,NISAM
8,NISAM ANTARA
8,BANDA BARO
8,KUTA MAKMUR
8,SIMPANG KERAMAT
8,SYAMTALIRA BAYU
8,GEUREUDONG PASE
8,MEURAH MULIA
8,MATANGKULI
8,PAYA BAKONG
8,PIRAK TIMU
8,COT GIREK
8,TANAH JAMBO AYE
8,LANGKAHAN
8,SEUNUDON
8,BAKTIYA
8,BAKTIYA BARAT
8,LHOKSUKON
8,TANAH LUAS
8,NIBONG
8,SAMUDERA
8,SYAMTALIRA ARON
8,TANAH PASIR
8,LAPANG
8,MUARA BATU
8,DEWANTARA
9,TEUPAH SELATAN
9,SIMEULUE TIMUR
9,TEUPAH BARAT
9,SIMEULUE TENGAH
9,TELUK DALAM
9,SALANG
9,SIMEULUE BARAT
9,ALAFAN
10,PULAU BANYAK
10,SINGKIL
10,SINGKIL UTARA
10,KUALA BARU
10,SIMPANG KANAN
10,GUNUNG MERIAH
10,DANAU PARIS
10,SURO
10,SINGKOHOR
10,KOTA BAHARU
11,SAMALANGA
11,SIMPANG MAMPLAM
11,PANDRAH
11,JEUNIEB
11,PEULIMBANG
11,PEUDADA
11,JULI
11,JEUMPA
11,KOTA JUANG
11,KUALA
11,JANGKA
11,PEUSANGAN
11,PEUSANGAN SELATAN
11,PEUSANGAN SIBLAH KRUENG
11,MAKMUR
11,GANDA PURA
11,KUTA BLANG
12,MANGGENG
12,LEMBAH SABIL
12,TANGAN-TANGAN
12,SETIA
12,BLANG PIDIE
12,JEUMPA
12,SUSOH
12,KUALA BATEE
12,BABAH ROT
13,KUTA PANJANG
13,BLANG JERANGO
13,BLANGKEJEREN
13,PUTRI BETUNG
13,DABUN GELANG
13,BLANG PEGAYON
13,PINING
13,RIKIT GAIB
13,PANTAN CUACA
13,TERANGUN
13,TRIPE JAYA
14,TEUNOM
14,PANGA
14,KRUENG SABEE
14,SETIA BAKTI
14,SAMPOINIET
14,JAYA
15,DARUL MAKMUR
15,KUALA
15,KUALA PESISIR
15,TADU RAYA
15,BEUTONG
15,SEUNAGAN
15,SUKA MAKMUE
15,SEUNAGAN TIMUR
16,TAMIANG HULU
16,BANDAR PUSAKA
16,KEJURUAN MUDA
16,TENGGULUN
16,RANTAU
16,KOTA KUALA SIMPANG
16,SEURUWAY
16,BENDAHARA
16,BANDA MULIA
16,KARANG BARU
16,SEKERAK
16,MANYAK PAYED
17,TIMANG GAJAH
17,GAJAH PUTIH
17,PINTU RIME GAYO
17,BUKIT
17,WIH PESAM
17,BANDAR
17,BENER KELIPAH
17,SYIAH UTAMA
17,MESIDAH
17,PERMATA
18,MEURAXA
18,JAYA BARU
18,BANDA RAYA
18,BAITURRAHMAN
18,LUENG BATA
18,KUTA ALAM
18,KUTA RAJA
18,SYIAH KUALA
18,ULEE KARENG
19,SUKAJAYA
19,SUKAKARYA
20,BLANG MANGAT
20,MUARA DUA
20,MUARA SATU
20,BANDA SAKTI
21,LANGSA TIMUR
21,LANGSA LAMA
21,LANGSA BARAT
21,LANGSA BARO
21,LANGSA KOTA
22,PINANG SORI
22,BADIRI
22,SIBABANGUN
22,LUMUT
22,SUKABANGUN
22,PANDAN
22,TUKKA
22,SARUDIK
22,TAPIAN NAULI
22,SITAHUIS
22,KOLANG
22,SORKAM
22,SORKAM BARAT
22,PASARIBU TOBING
22,BARUS
22,SOSOR GADONG
22,ANDAM DEWI
22,BARUS UTARA
22,MANDUAMAS
22,SIRANDORUNG
23,PARMONANGAN
23,ADIAN KOTING
23,SIPOHOLON
23,TARUTUNG
23,SIATAS BARITA
23,PAHAE JULU
23,PAHAE JAE
23,PURBATUA
23,SIMANGUMBAN
23,PANGARIBUAN
23,GAROGA
23,SIPAHUTAR
23,SIBORONG-BORONG
23,PAGARAN
23,MUARA
24,BATANG ANGKOLA
24,SAYUR MATINGGI
24,ANGKOLA TIMUR
24,ANGKOLA SELATAN
24,ANGKOLA  BARAT
24,BATANG TORU
24,MARANCAR
24,MUARA BATANG TORU
24,SIPIROK
24,ARSE
24,SAIPAR DOLOK HOLE
24,AEK BILAH
25,IDANO GAWO
25,BAWOLATO
25,ULUGAWO
25,GIDO
25,MA U
25,SOMOLO - MOLO
25,HILIDUHO
25,HILI SERANGKAI
25,BOTOMUZOI
26,BOHOROK
26,SERAPIT
26,SALAPIAN
26,KUTAMBARU
26,SEI BINGAI
26,KUALA
26,SELESAI
26,BINJAI
26,STABAT
26,WAMPU
26,BATANG SERANGAN
26,SAWIT SEBERANG
26,PADANG TUALANG
26,HINAI
26,SECANGGANG
26,TANJUNG PURA
26,GEBANG
26,BABALAN
26,SEI LEPAN
26,BRANDAN BARAT
26,BESITANG
26,PANGKALAN SUSU
26,PEMATANG JAYA
27,MARDINGDING
27,LAUBALENG
27,TIGA BINANGA
27,JUHAR
27,MUNTE
27,KUTA BULUH
27,PAYUNG
27,TIGANDERKET
27,SIMPANG EMPAT
27,NAMAN TERAN
27,MERDEKA
27,KABANJAHE
27,BERASTAGI
27,TIGAPANAH
27,DOLAT RAYAT
27,MEREK
27,BARUSJAHE
28,GUNUNG MERIAH
28,SINEMBAH TANJUNG MUDA HULU
28,SIBOLANGIT
28,KUTALIMBARU
28,PANCUR BATU
28,NAMO RAMBE
28,BIRU-BIRU
28,SINEMBAH TANJUNG MUDA HILIR
28,BANGUN PURBA
28,GALANG
28,TANJUNG MORAWA
28,PATUMBAK
28,DELI TUA
28,SUNGGAL
28,HAMPARAN PERAK
28,LABUHAN DELI
28,PERCUT SEI TUAN
28,BATANG KUIS
28,PANTAI LABU
28,BERINGIN
28,LUBUK PAKAM
28,PAGAR MERBAU
29,SILIMAKUTA
29,PEMATANG SILIMAHUTA
29,PURBA
29,HARANGGAOL HORISON
29,DOLOK PARDAMEAN
29,SIDAMANIK
29,PEMATANG SIDAMANIK
29,GIRSANG SIPANGAN BOLON
29,TANAH JAWA
29,HATONDUHAN
29,DOLOK PANRIBUAN
29,JORLANG HATARAN
29,PANEI
29,PANOMBEAN PANEI
29,RAYA
29,DOLOK SILAU
29,SILAU KAHEAN
29,RAYA KAHEAN
29,TAPIAN DOLOK
29,DOLOK BATU NANGGAR
29,SIANTAR
29,GUNUNG MALELA
29,GUNUNG MALIGAS
29,HUTABAYU RAJA
29,JAWA MARAJA BAH JAMBI
29,PEMATANG BANDAR
29,BANDAR HULUAN
29,BANDAR
29,BANDAR MASILAM
29,BOSAR MALIGAS
29,UJUNG PADANG
30,BANDAR PASIR MANDOGE
30,BANDAR PULAU
30,AEK SONGSONGAN
30,RAHUNING
30,PULAU RAKYAT
30,AEK KUASAN
30,AEK LEDONG
30,SEI KEPAYANG
30,SEI KEPAYANG BARAT
30,SEI KEPAYANG TIMUR
30,TANJUNG BALAI
30,SIMPANG EMPAT
30,TELUK DALAM
30,AIR BATU
30,SEI DADAP
30,BUNTU PANE
30,TINGGI RAJA
30,SETIA JANJI
30,MERANTI
30,PULO BANDRING
30,RAWANG PANCA ARGA
30,AIR JOMAN
30,SILAU LAUT
30,KISARAN BARAT
30,KISARAN TIMUR
31,BILAH HULU
31,PANGKATAN
31,BILAH BARAT
31,BILAH HILIR
31,PANAI HULU
31,PANAI TENGAH
31,PANAI HILIR
31,RANTAU SELATAN
31,RANTAU UTARA
32,SIDIKALANG
32,BERAMPU
32,SITINJO
32,PARBULUAN
32,SUMBUL
32,SILAHI SABUNGAN
32,SILIMA PUNGGA-PUNGGA
32,LAE PARIRA
32,SIEMPAT NEMPU
32,SIEMPAT NEMPU HULU
32,SIEMPAT NEMPU HILIR
32,TIGA LINGGA
32,GUNUNG SITEMBER
32,PEGAGAN HILIR
32,TANAH PINEM
33,BALIGE
33,TAMPAHAN
33,LAGU BOTI
33,HABINSARAN
33,BORBOR
33,NASSAU
33,SILAEN
33,SIGUMPAR
33,PORSEA
33,PINTU POHAN MERANTI
33,SIANTAR NARUMONDA
33,PARMAKSIAN
33,LUMBAN JULU
33,ULUAN
33,AJIBATA
33,BONATUA LUNASI
34,BATAHAN
34,SINUNUKAN
34,BATANG NATAL
34,LINGGA BAYU
34,RANTO BAEK
34,KOTANOPAN
34,ULU PUNGKUT
34,TAMBANGAN
34,LEMBAH SORIK MARAPI
34,PUNCAK SORIK MARAPI
34,MUARA SIPONGI
34,PAKANTAN
34,PANYABUNGAN
34,PANYABUNGAN SELATAN
34,PANYABUNGAN BARAT
34,PANYABUNGAN UTARA
34,PANYABUNGAN TIMUR
34,HUTA BARGOT
34,NATAL
34,MUARA BATANG GADIS
34,SIABU
34,BUKIT MALINTANG
34,NAGA JUANG
35,HIBALA
35,PULAU-PULAU BATU
35,PULAU-PULAU BATU TIMUR
35,TELUK DALAM
35,FANAYAMA
35,TOMA
35,MANIAMOLO
35,MAZINO
35,AMANDRAYA
35,ARAMO
35,LAHUSA
35,GOMO
35,SUSUA
35,MAZO
35,UMBUNASI
35,LOLOMATUA
35,LOLOWA'U
35,HILIMEGAI
36,SALAK
36,SITELLU TALI URANG JEHE
36,PAGINDAR
36,SITELLU TALI URANG JULU
36,PERGETTENG-GETTENG SENGKUT
36,KERAJAAN
36,TINADA
36,SIEMPAT RUBE
37,PAKKAT
37,ONAN GANJANG
37,SIJAMA POLANG
37,DOLOK SANGGUL
37,LINTONG NIHUTA
37,PARANGINAN
37,BAKTI RAJA
37,POLLUNG
37,PARLILITAN
37,TARA BINTANG
38,SIANJUR MULA MULA
38,HARIAN
38,SITIO-TIO
38,ONAN RUNGGU
38,NAINGGOLAN
38,PALIPI
38,RONGGUR NIHUTA
38,PANGURURAN
38,SIMANINDO
39,KOTARIH
39,SILINDA
39,BINTANG BAYU
39,DOLOK MASIHUL
39,SERBAJADI
39,SIPISPIS
39,DOLOK MERAWAN
39,TEBINGTINGGI
39,TEBING SYAHBANDAR
39,BANDAR KHALIPAH
39,TANJUNG BERINGIN
39,SEI RAMPAH
39,SEI BAMBAN
39,TELUK MENGKUDU
39,PERBAUNGAN
39,PEGAJAHAN
39,PANTAI CERMIN
40,MEDAN TUNTUNGAN
40,MEDAN JOHOR
40,MEDAN AMPLAS
40,MEDAN DENAI
40,MEDAN AREA
40,MEDAN KOTA
40,MEDAN MAIMUN
40,MEDAN POLONIA
40,MEDAN BARU
40,MEDAN SELAYANG
40,MEDAN SUNGGAL
40,MEDAN HELVETIA
40,MEDAN PETISAH
40,MEDAN BARAT
40,MEDAN TIMUR
40,MEDAN PERJUANGAN
40,MEDAN TEMBUNG
40,MEDAN DELI
40,MEDAN LABUHAN
40,MEDAN MARELAN
40,MEDAN BELAWAN
41,SIANTAR MARIHAT
41,SIANTAR MARIMBUN
41,SIANTAR SELATAN
41,SIANTAR BARAT
41,SIANTAR UTARA
41,SIANTAR TIMUR
41,SIANTAR MARTOBA
41,SIANTAR SITALASARI
42,SIBOLGA UTARA
42,SIBOLGA KOTA
42,SIBOLGA SELATAN
42,SIBOLGA SAMBAS
43,DATUK BANDAR
43,DATUK BANDAR TIMUR
43,TANJUNG BALAI SELATAN
43,TANJUNG BALAI UTARA
43,SEI TUALANG RASO
43,TELUK NIBUNG
44,BINJAI SELATAN
44,BINJAI KOTA
44,BINJAI TIMUR
44,BINJAI UTARA
44,BINJAI BARAT
45,PADANG HULU
45,TEBING TINGGI KOTA
45,RAMBUTAN
45,BAJENIS
45,PADANG HILIR
46,PADANGSIDIMPUAN TENGGARA
46,PADANGSIDIMPUAN SELATAN
46,PADANGSIDIMPUAN BATUNADUA
46,PADANGSIDIMPUAN UTARA
46,PADANGSIDIMPUAN HUTAIMBARU
46,PADANGSIDIMPUAN ANGKOLA JULU
47,PANTAI CERMIN
47,LEMBAH GUMANTI
47,HILIRAN GUMANTI
47,PAYUNG SEKAKI
47,TIGO LURAH BAJANJANG
47,LEMBANG JAYA
47,DANAU KEMBAR
47,GUNUNG TALANG
47,BUKIT SUNDI
47,IX KOTO SUNGAI LASI
47,KUBUNG
47,X KOTO DIATAS
47,X KOTO SINGKARAK
47,JUNJUNG SIRIH
48,KAMANG BARU
48,TANJUNG GADANG
48,SIJUNJUNG
48,LUBUK TAROK
48,IV NAGARI
48,KUPITAN
48,KOTO TUJUH
48,SUMPUR KUDUS
49,SUNGAI RUMBAI
49,KOTO BESAR
49,ASAM JUJUHAN
49,KOTO BARU
49,KOTO SALAK
49,TIUMANG
49,PADANG LAWEH
49,SITIUNG
49,TIMPEH
49,PULAU PUNJUNG
49,IX KOTO
50,SEPULUH KOTO
50,BATIPUH
50,BATIPUH SELATAN
50,PARIANGAN
50,RAMBATAN
50,LIMA KAUM
50,TANJUNG EMAS
50,PADANG GANTING
50,LINTAU BUO
50,LINTAU BUO UTARA
50,SUNGAYANG
50,SUNGAI TARAB
50,SALIMPAUNG
50,TANJUNG BARU
51,BATANG ANAI
51,LUBUK ALUNG
51,SINTUK TOBOH GADANG
51,ULAKAN TAPAKIS
51,NAN SABARIS
51,2 X 11 ENAM LINGKUNG
51,ENAM LINGKUNG
51,2 X 11 KAYU TANAM
51,VII KOTO SUNGAI SARIAK
51,PATAMUAN
51,PADANG SAGO
51,V KOTO KP DALAM
51,V KOTO TIMUR
51,SUNGAI LIMAU
51,BATANG GASAN
51,SUNGAI GERINGGING
51,IV KOTO AUR MALINTANG
52,TANJUNG MUTIARA
52,LUBUK BASUNG
52,AMPEK NAGARI
52,TANJUNG RAYA
52,MATUR
52,IV KOTO
52,MALALAK
52,BANUHAMPU
52,SUNGAI PUA
52,AMPEK ANGKEK
52,CANDUANG
52,BASO
52,TILATANG KAMANG
52,KAMANG MAGEK
52,PALEMBAYAN
52,PALUPUH
53,PAYAKUMBUH
53,AKABILURU
53,LUAK
53,LAREH SAGO HALABAN
53,SITUJUAH LIMO NAGARI
53,HARAU
53,GUGUAK
53,MUNGKA
53,SULIKI
53,BUKIK BARISAN
53,GUNUANG OMEH
53,KAPUR IX
53,PANGKALAN KOTO BARU
54,BONJOL
54,TIGO NAGARI
54,SIMPANG ALAHAN MATI
54,LUBUK SIKAPING
54,DUA KOTO
54,PANTI
54,PADANG GELUGUR
54,RAO
54,MAPAT TUNGGUL
54,MAPAT TUNGGUL SELATAN
54,RAO SELATAN
54,RAO UTARA
55,PAGAI SELATAN
55,SIKAKAP
55,PAGAI UTARA
55,SIPORA SELATAN
55,SIPORA UTARA
55,SIBERUT SELATAN
55,SEBERUT BARAT DAYA
55,SIBERUT TENGAH
55,SIBERUT UTARA
55,SIBERUT BARAT
56,SANGIR
56,SANGIR JUJUAN
56,SANGIR BALAI JANGGO
56,SANGIR BATANG HARI
56,SUNGAI PAGU
56,PAUAH DUO
56,KOTO PARIK GADANG DIATEH
58,BUNGUS TELUK KABUNG
58,LUBUK KILANGAN
58,LUBUK BEGALUNG
58,PADANG SELATAN
58,PADANG TIMUR
58,PADANG BARAT
58,PADANG UTARA
58,NANGGALO
58,KURANJI
58,PAUH
58,KOTO TANGAH
59,LUBUK SIKARAH
59,TANJUNG HARAPAN
59,SAWAH LUNTO
59,SILUNGKANG
59,LEMBAH SEGAR
59,BARANGIN
59,TALAWI
61,PADANG PANJANG BARAT
61,PADANG PANJANG TIMUR
62,GUGUK PANJANG
62,MANDIANGIN KOTO SELAYAN
62,AUR BIRUGO TIGO BALEH
63,PAYAKUMBUH BARAT
63,PAYAKUMBUH SELATAN
63,PAYAKUMBUH TIMUR
63,PAYAKUMBUH UTARA
63,LAMPOSI TIGO NAGORI
64,PARIAMAN SELATAN
64,PARIAMAN TENGAH
64,PARIAMAN TIMUR
64,PARIAMAN UTARA
65,LUNANG SILAUT
65,BASA AMPEK BALAI TAPAN
65,PANCUNG SOAL
65,LINGGO SARI BAGANTI
65,RANAH PESISIR
65,LENGAYANG
65,SUTERA
65,BATANG KAPAS
65,IV JURAI
65,BAYANG
65,IV  NAGARI BAYANG UTARA
65,KOTO XI TARUSAN
66,KAMPAR KIRI
66,KAMPAR KIRI HULU
66,KAMPAR KIRI HILIR
66,GUNUNG SAHILAN
66,KAMPAR KIRI TENGAH
66,XIII KOTO KAMPAR
66,KOTO KAMPAR HULU
66,BANGKINANG BARAT
66,SALO
66,TAPUNG
66,TAPUNG HULU
66,TAPUNG HILIR
66,BANGKINANG
66,BANGKINANG SEBERANG
66,KAMPAR
66,KAMPAR TIMUR
66,RUMBIO JAYA
66,KAMPAR UTARA
66,TAMBANG
66,SIAK HULU
66,PERHENTIAN RAJA
67,PERANAP
67,BATANG PERANAP
67,SEBERIDA
67,BATANG CENAKU
67,BATANG GANSAL
67,KELAYANG
67,RAKIT KULIM
67,PASIR PENYU
67,LIRIK
67,SUNGAI LALA
67,LUBUK BATU JAYA
67,RENGAT BARAT
67,RENGAT
67,KUALA CENAKU
68,MANDAU
68,PINGGIR
68,BUKIT BATU
68,SIAK KECIL
68,RUPAT
68,RUPAT UTARA
68,BENGKALIS
68,BANTAN
68,ROKAN HILIR
68,TANAH PUTIH
68,PUJUD
68,TANAH PUTIH TANJUNG MELAWAN
68,RANTAU KOPAR
68,BAGAN SINEMBAH
68,SIMPANG KANAN
68,KUBU
68,PASIR LIMAU KAPAS
68,BANGKO
68,SINABOI
68,BATU HAMPAR
68,RIMBA MELINTANG
68,BANGKO PUSAKO
69,KERITANG
69,KEMUNING
69,RETEH
69,SUNGAI BATANG
69,ENOK
69,TANAH MERAH
69,KUALA INDRAGIRI
69,CONCONG
69,TEMBILAHAN
69,TEMBILAHAN HULU
69,TEMPULING
69,KEMPAS
69,BATANG TUAKA
69,GAUNG ANAK SERKA
69,GAUNG
69,MANDAH
69,KATEMAN
69,PELANGIRAN
69,TELUK BELENGKONG
69,PULAU BURUNG
70,LANGGAM
70,PANGKALAN KERINCI
70,BANDAR SEIKIJANG
70,PANGKALAN KURAS
70,UKUI
70,PANGKALAN LESUNG
70,BUNUT
70,PELALAWAN
70,BANDAR PETALANGAN
70,KUALA KAMPAR
70,KERUMUTAN
70,TELUK MERANTI
71,ROKAN IV KOTO
71,PENDALIAN IV KOTO
71,TANDUN
71,KABUN
71,UJUNG BATU
71,RAMBAH SAMO
71,RAMBAH
71,RAMBAH HILIR
71,BANGUN PURBA
71,TAMBUSAI
71,TAMBUSAI UTARA
71,KEPENUHAN
71,KEPENUHAN HULU
71,KUNTO DARUSSALAM
71,PAGARAN TAPAH DARUSSALAM
71,BONAI DARUSSALAM
73,MINAS
73,SUNGAI MANDAU
73,KANDIS
73,SIAK
73,KERINCI KANAN
73,TUALANG
73,DAYUN
73,LUBUK DALAM
73,KOTO GASIB
73,MEMPURA
73,SUNGAI APIT
73,BUNGA RAYA
73,SABAK AUH
73,PUSAKO
74,KUANTAN MUDIK
74,HULU KUANTAN
74,GUNUNG TOAR
74,SINGINGI
74,SINGINGI HILIR
74,KUANTAN TENGAH
74,BENAI
74,KUANTAN HILIR
74,PANGEAN
74,LOGAS TANAH DARAT
74,CERENTI
74,INUMAN
75,TAMPAN
75,PAYUNG SEKAKI
75,BUKIT RAYA
75,MARPOYAN DAMAI
75,TENAYAN RAYA
75,LIMAPULUH
75,SAIL
75,PEKANBARU KOTA
75,SUKAJADI
75,SENAPELAN
75,RUMBAI
75,RUMBAI PESISIR
76,BUKIT KAPUR
76,MEDANG KAMPAI
76,SUNGAI SEMBILAN
76,DUMAI BARAT
76,DUMAI TIMUR
77,KERINCI
77,GUNUNG RAYA
77,BATANG MERANGIN
77,KELILING DANAU
77,DANAU KERINCI
77,SITINJAU LAUT
77,AIR HANGAT
77,AIR HANGAT TIMUR
77,DEPATI VII
77,GUNUNG KERINCI
77,SIULAK
77,KAYU ARO
77,GUNUNG TUJUH
78,JANGKAT
78,SUNGAI TENANG
78,MUARA SIAU
78,LEMBAH MASURAI
78,TIANG PUMPUNG
78,PAMENANG
78,PAMENANG BARAT
78,RENAH PAMENANG
78,PAMENANG SELATAN
78,BANGKO
78,BANGKO BARAT
78,NALO TANTAN
78,BATANG MASUMAI
78,SUNGAI MANAU
78,RENAH PEMBARAP
78,PANGKALAN JAMBU
78,TABIR
78,TABIR ULU
78,TABIR SELATAN
78,TABIR ILIR
78,TABIR TIMUR
78,TABIR LINTAS
78,MARGO TABIR
78,TABIR BARAT
79,BATANG ASAI
79,LIMUN
79,CERMIN NAN GEDANG
79,PELAWAN
79,SINGKUT
79,SAROLANGUN
79,BATHIN VIII
79,PAUH
79,AIR HITAM
79,MANDIANGIN
80,MERSAM
80,MARO SEBO ULU
80,BATIN XXIV
80,MUARA TEMBESI
80,MUARA BULIAN
80,BAJUBANG
80,MARO SEBO ILIR
80,PEMAYUNG
81,MESTONG
81,SUNGAI BAHAR
81,KUMPEH ULU
81,SUNGAI GELAM
81,KUMPEH
81,MARO SEBO
81,JAMBI LUAR KOTA
81,SEKERNAN
82,TUNGKAL ULU
82,MERLUNG
82,BATANG ASAM
82,TEBING TINGGI
82,RENAH MENDALUH
82,MUARA PAPALIK
82,PENGABUAN
82,SENYERANG
82,TUNGKAL ILIR
82,BRAM ITAM
82,SEBERANG KOTA
82,BETARA
82,KUALA BETARA
83,MENDAHARA
83,MENDAHARA ULU
83,GERAGAI
83,DENDANG
83,MUARA SABAK BARAT
83,MUARA SABAK TIMUR
83,KUALA JAMBI
83,RANTAU RASAU
83,BERBAK
83,NIPAH PANJANG
83,SADU
84,PELEPAT
84,PELEPAT ILIR
84,BATHIN II BABEKO
84,RIMBO TENGAH
84,BUNGO DANI
84,PASAR MUARA BUNGO
84,BATHIN III
84,RANTAU PANDAN
84,MUKO-MUKO BATHIN VII
84,BATHIN III ULU
84,TANAH SEPENGGAL
84,TANAH SEPENGGAL LINTAS
84,TANAH TUMBUH
84,LIMBUR LUBUK MENGKUANG
84,BATHIN II PELAYANG
84,JUJUHAN
84,JUJUHAN ILIR
85,TEBO ILIR
85,MUARA TABIR
85,TEBO TENGAH
85,SUMAY
85,TENGAH ILIR
85,RIMBO BUJANG
85,RIMBO ULU
85,RIMBO ILIR
85,TEBO ULU
85,VII KOTO
85,SERAI SERUMPUN
85,VII KOTO ILIR
86,KOTA BARU
86,JAMBI SELATAN
86,JELUTUNG
86,PASAR JAMBI
86,TELANAIPURA
86,DANAU TELUK
86,PELAYANGAN
86,JAMBI TIMUR
87,OGAN KOMERING ULU
87,LENGKITI
87,SOSOH BUAY RAYAP
87,PENGANDONAN
87,SEMIDANG AJI
87,ULU OGAN
87,MUARA JAYA
87,PENINJAUAN
87,LUBUK BATANG
87,SINAR PENINJAUAN
87,BATU RAJA TIMUR
87,LUBUK RAJA
87,BATU RAJA BARAT
88,LEMPUING
88,LEMPUING JAYA
88,MESUJI
88,SUNGAI MENANG
88,MESUJI MAKMUR
88,MESUJI RAYA
88,TULUNG SELAPAN
88,CENGAL
88,PEDAMARAN
88,PEDAMARAN TIMUR
88,TANJUNG LUBUK
88,TELUK GELAM
88,KOTA KAYU AGUNG
88,SIRAH PULAU PADANG
88,JEJAWI
88,PAMPANGAN
88,PANGKALAN LAPAM
88,AIR SUGIHAN
89,SEMENDO DARAT LAUT
89,SEMENDO DARAT ULU
89,SEMENDO DARAT TENGAH
89,TANJUNG AGUNG
89,RAMBANG
89,LUBAI
89,LAWANG KIDUL
89,MUARA ENIM
89,UJAN MAS
89,GUNUNG MEGANG
89,BENAKAT
89,RAMBANG DANGKU
89,TALANG UBI
89,PENUKAL
89,TANAH ABANG
89,PENUKAL UTARA
89,ABAB
89,GELUMBANG
89,LEMBAK
89,SUNGAI ROTAN
89,MUARA BELIDA
89,KELEKAR
90,TANJUNG SAKTI PUMI
90,TANJUNG SAKTI PUMU
90,KOTA AGUNG
90,MULAK ULU
90,TANJUNG TEBAT
90,PULAU PINANG
90,PAGAR GUNUNG
90,GUMAY ULU
90,JARAI
90,PAJAR BULAN
90,MUARA PAYANG
90,KIKIM BARAT
90,KIKIM TIMUR
90,KIKIM SELATAN
90,KIKIM TENGAH
90,LAHAT
90,GUMAY TALANG
90,PSEKSU
90,MERAPI BARAT
90,MERAPI TIMUR
90,MERAPI SELATAN
91,RAWAS ULU
91,ULU RAWAS
91,RUPIT
91,KARANG JAYA
91,SUKU TENGAH LAKITAN ULU
91,SELANGIT
91,SUMBER HARTA
91,TUGUMULYO
91,PURWODADI
91,MUARA BELITI
91,TIANG PUMPUNG KEPUNGUT
91,JAYALOKA
91,SUKA KARYA
91,MUARA KELINGI
91,BULANG TENGAH SUKU ULU
91,TUAH NEGERI
91,MUARA LAKITAN
91,MEGANG SAKTI
91,RAWAS ILIR
91,KARANG DAPO
91,NIBUNG
92,SANGA DESA
92,BABAT TOMAN
92,BATANGHARI LEKO
92,PLAKAT TINGGI
92,SUNGAI KERUH
92,SEKAYU
92,LAIS
92,SUNGAI LILIN
92,KELUANG
92,BAYUNG LENCIR
92,LALAN
92,RANTAU BAYUR
92,BETUNG
92,PULAU RIMAU
92,TUNGKAL ILIR
92,BANYUASIN III
92,TALANG KELAPA
92,TANJUNG LAGO
92,BANYUASIN I
92,RAMBUTAN
92,MUARA PADANG
92,MUARA SUGIHAN
92,MAKARTI JAYA
92,AIR SALEK
92,BANYUASIN II
92,MUARA TELANG
94,MUARA KUANG
94,RAMBANG KUANG
94,LUBUK KELIAT
94,TANJUNG BATU
94,PAYARAMAN
94,RANTAU ALAI
94,KANDIS
94,TANJUNG RAJA
94,RANTAU PANJANG
94,SUNGAI PINANG
94,PEMULUTAN
94,PEMULUTAN SELATAN
94,PEMULUTAN BARAT
94,INDRALAYA
94,INDRALAYA UTARA
94,INDRALAYA SELATAN
95,MARTAPURA
95,BUNGA MAYANG
95,JAYA PURA
95,BUAY PEMUKA PELIUNG
95,BUAY MADANG
95,BUAY MADANG TIMUR
95,BUAY PEMUKA BANGSA RAJA
95,MADANG SUKU II
95,MADANG SUKU III
95,MADANG SUKU I
95,BELITANG MADANG RAYA
95,BELITANG
95,BELITANG JAYA
95,BELITANG III
95,BELITANG II
95,BELITANG MULYA
95,SEMENDAWAI SUKU III
95,SEMENDAWAI TIMUR
95,CEMPAKA
95,SEMENDAWAI BARAT
96,MEKAKAU ILIR
96,BANDING AGUNG
96,WARKUK RANAU SELATAN
96,BUAY PEMATANG RIBU RANAU TENGAH
96,BUAY PEMACA
96,SIMPANG
96,BUANA PEMACA
96,MUARADUA
96,BUAY RAWAN
96,BUAY SANDANG AJI
96,TIGA DIHAJI
96,BUAY RUNJUNG
96,RUNJUNG AGUNG
96,KISAM TINGGI
96,MUARADUA KISAM
96,KISAM ILIR
96,PULAU BERINGIN
96,SINDANG DANAU
96,SUNGAI ARE
97,ILIR BARAT II
97,GANDUS
97,SEBERANG ULU I
97,KERTAPATI
97,SEBERANG ULU II
97,PLAJU
97,ILIR BARAT I
97,BUKIT KECIL
97,ILIR TIMUR I
97,KEMUNING
97,ILIR TIMUR II
97,KALIDONI
97,SAKO
97,SEMATANG BORANG
97,SUKARAMI
97,ALANG ALANG LEBAR
98,DEMPO SELATAN
98,DEMPO TENGAH
98,DEMPO UTARA
98,PAGAR ALAM SELATAN
98,PAGAR ALAM UTARA
99,LUBUK LINGGAU BARAT I
99,LUBUK LINGGAU BARAT II
99,LUBUK LINGGAU SELATAN I
99,LUBUK LINGGAU SELATAN II
99,LUBUK LINGGAU TIMUR I
99,LUBUK LINGGAU TIMUR II
99,LUBUK LINGGAU UTARA I
99,LUBUK LINGGAU UTARA II
100,RAMBANG KAPAK TENGAH
100,PRABUMULIH TIMUR
100,PRABUMULIH SELATAN
100,PRABUMULIH BARAT
100,PRABUMULIH UTARA
100,CAMBAI
101,MANNA
101,KOTA MANNA
101,KEDURANG
101,BUNGA MAS
101,PASAR MANNA
101,KEDURANG ILIR
101,SEGINIM
101,AIR NIPIS
101,PINO
101,PINORAYA
101,ULU MANNA
102,KOTA PADANG
102,SINDANG BELITI ILIR
102,PADANG ULAK TANDING
102,SINDANG KELINGI
102,BINDU RIANG
102,SINDANG BELITI ULU
102,SINDANG DATARAN
102,CURUP
102,BERMANI ULU
102,SELUPU REJANG
102,CURUP SELATAN
102,CURUP TENGAH
102,BERMANI ULU RAYA
102,CURUP UTARA
102,CURUP TIMUR
103,ENGGANO
103,KERKAP
103,AIR NAPAL
103,AIR BESI
103,ARGA MAKMUR
103,LAIS
103,BATIK NAU
103,GIRI MULYA
103,PADANG JAYA
103,KETAHUN
103,NAPAL PUTIH
103,PUTRI HIJAU
104,IPUH
104,AIR RAMI
104,MALIN DEMAN
104,PONDOK SUGUH
104,SUNGAI RUMBAI
104,TERAMANG JAYA
104,TERAS TERUNJAM
104,PENARIK
104,SELAGAN RAYA
104,KOTA MUKOMUKO
104,AIR DIKIT
104,XIV KOTO
104,LUBUK PINANG
104,AIR MANJUNTO
104,V KOTO
105,SEMIDANG ALAS MARAS
105,SEMIDANG ALAS
105,TALO
105,ILIR TALO
105,TALO KECIL
105,ULU TALO
105,SELUMA
105,SELUMA SELATAN
105,SELUMA BARAT
105,SELUMA TIMUR
105,SELUMA UTARA
105,SUKARAJA
105,AIR PERIUKAN
105,LUBUK SANDI
106,NASAL
106,MAJE
106,KAUR SELATAN
106,TETAP
106,KAUR TENGAH
106,LUAS
106,MUARA SAHUNG
106,KINAL
106,SEMIDANG GUMAY
106,TANJUNG KEMUNING
106,KELAM TENGAH
106,KAUR UTARA
106,PADANG GUCI HILIR
106,LUNGKANG KULE
106,PADANG GUCI HULU
107,RIMBO PENGADANG
107,TOPOS
107,LEBONG SELATAN
107,BINGIN KUNING
107,LEBONG TENGAH
107,LEBONG SAKTI
107,LEBONG ATAS
107,PADANG BANO
107,PELABAI
107,LEBONG UTARA
107,AMEN
107,URAM JAYA
107,PINANG BELAPIS
108,MUARA KEMUMU
108,BERMANI ILIR
108,SEBERANG MUSI
108,TEBAT KARAI
108,KEPAHIANG
108,KABA WETAN
108,UJAN MAS
108,MERIGI
109,SELEBAR
109,KAMPUNG MELAYU
109,GADING CEMPAKA
109,RATU AGUNG
109,RATU SAMBAN
109,TELUK SEGARA
109,SUNGAI SERUT
109,MUARA BANGKA HULU
110,NATAR
110,JATI AGUNG
110,TANJUNG BINTANG
110,TANJUNG SARI
110,KATIBUNG
110,MERBAU MATARAM
110,WAY SULAN
110,SIDOMULYO
110,CANDIPURO
110,WAY PANJI
110,KALIANDA
110,RAJABASA
110,PALAS
110,SRAGI
110,PENENGAHAN
110,KETAPANG
110,BAKAUHENI
111,PADANG RATU
111,SELAGAI LINGGA
111,PUBIAN
111,ANAK TUHA
111,ANAK RATU AJI
111,KALIREJO
111,SENDANG AGUNG
111,BANGUNREJO
111,GUNUNG SUGIH
111,BEKRI
111,BUMI RATU NUBAN
111,TRIMURJO
111,PUNGGUR
111,KOTA GAJAH
111,SEPUTIH RAMAN
111,TERBANGGI BESAR
111,SEPUTIH AGUNG
111,WAY PENGUBUAN
111,TERUSAN NUNYAI
111,SEPUTIH MATARAM
111,BANDAR MATARAM
111,SEPUTIH BANYAK
111,WAY SEPUTIH
111,RUMBIA
111,BUMI NABUNG
111,PUTRA RUMBIA
111,SEPUTIH SURABAYA
111,BANDAR SURABAYA
112,BUKIT KEMUNING
112,ABUNG TINGGI
112,TANJUNG RAJA
112,ABUNG BARAT
112,ABUNG TENGAH
112,ABUNG  KUNANG
112,ABUNG PEKURUN
112,KOTABUMI
112,KOTABUMI UTARA
112,KOTABUMI SELATAN
112,ABUNG SELATAN
112,ABUNG SEMULI
112,BLAMBANGAN PAGAR
112,ABUNG TIMUR
112,ABUNG SURAKARTA
112,SUNGKAI SELATAN
112,MUARA SUNGKAI
112,BUNGA MAYANG
112,SUNGKAI  BARAT
112,SUNGKAI JAYA
112,SUNGKAI UTARA
112,HULUSUNGKAI
112,SUNGKAI TENGAH
113,PESISIR SELATAN
113,BENGKUNAT
113,BENGKUNAT BELIMBING
113,NGAMBUR
113,PESISIR TENGAH
113,KARYA PENGGAWA
113,WAY KRUI
113,KRUI SELATAN
113,PESISIR UTARA
113,LEMONG
113,BALIK BUKIT
113,SUKAU
113,LUMBOK SEMINUNG
113,BELALAU
113,SEKINCAU
113,SUOH
113,BATU BRAK
113,PAGAR DEWA
113,BATU KETULIS
113,BANDAR NEGERI SUOH
113,SUMBER JAYA
113,WAY TENONG
113,GEDUNG SURIAN
113,KEBUN TEBU
113,AIR HITAM
114,BANJAR AGUNG
114,BANJAR MARGO
114,BANJAR BARU
114,GEDUNG AJI
114,PENAWAR AJI
114,MERAKSA AJI
114,MENGGALA
114,PENAWAR TAMA
114,RAWAJITU SELATAN
114,GEDUNG MENENG
114,RAWAJITU TIMUR
114,RAWA PITU
114,GEDUNG AJI BARU
114,DENTE TELADAS
114,MENGGALA TIMUR
115,WONOSOBO
115,SEMAKA
115,BANDAR NEGERI SEMUONG
115,KOTA AGUNG
115,PEMATANG SAWA
115,KOTA AGUNG TIMUR
115,KOTA AGUNG BARAT
115,PULAU PANGGUNG
115,ULUBELU
115,AIR NANINGAN
115,TALANG PADANG
115,SUMBEREJO
115,GISTING
115,GUNUNG ALIP
115,PUGUNG
115,BULOK
115,CUKUH BALAK
115,KELUMBAYAN
115,LIMAU
115,KELUMBAYAN BARAT
116,METRO KIBANG
116,BATANGHARI
116,SEKAMPUNG
116,MARGATIGA
116,SEKAMPUNG UDIK
116,JABUNG
116,PASIR SAKTI
116,WAWAY KARYA
116,MARGA SEKAPUNG
116,LABUHAN MARINGGAI
116,MATARAM BARU
116,BANDAR SRIBAWONO
116,MELINTING
116,GUNUNG PELINDUNG
116,WAY JEPARA
116,BRAJA SLEBAH
116,LABUHAN RATU
116,SUKADANA
116,BUMI AGUNG
116,BATANGHARI NUBAN
116,PEKALONGAN
116,RAMAN UTARA
116,PURBOLINGGO
116,WAY BUNGUR
117,BANJIT
117,BARADATU
117,GUNUNG LABUHAN
117,KASUI
117,REBANG TANGKAS
117,BLAMBANGAN UMPU
117,WAY TUBA
117,NEGERI AGUNG
117,BAHUGA
117,BUAY  BAHUGA
117,BUMI AGUNG
117,PAKUAN RATU
117,NEGARA BATIN
117,NEGERI BESAR
118,TELUK BETUNG BARAT
118,TELUK BETUNG SELATAN
118,PANJANG
118,TANJUNG KARANG TIMUR
118,TELUK BETUNG UTARA
118,TANJUNG KARANG PUSAT
118,TANJUNG KARANG BARAT
118,KEMILING
118,KEDATON
118,RAJABASA
118,TANJUNG SENANG
118,SUKARAME
118,SUKABUMI
119,METRO SELATAN
119,METRO BARAT
119,METRO TIMUR
119,METRO PUSAT
119,METRO UTARA
120,MENDO BARAT
120,MERAWANG
120,PUDING BESAR
120,SUNGAI LIAT
120,PEMALI
120,BAKAM
120,BELINYU
120,RIAU SILIP
121,MEMBALONG
121,TANJUNG PANDAN
121,BADAU
121,SIJUK
121,SELAT NASIK
122,PAYUNG
122,PULAU BESAR
122,SIMPANG RIMBA
122,TOBOALI
122,TUKAK SADAI
122,AIR GEGAS
122,LEPAR PONGOK
123,KOBA
123,LUBUK BESAR
123,PANGKALAN BARU
123,NAMANG
123,SUNGAI SELAN
123,SIMPANG KATIS
124,KELAPA
124,TEMPILANG
124,MENTOK
124,SIMPANG TERITIP
124,JEBUS
125,DENDANG
125,SIMPANG PESAK
125,GANTUNG
125,SIMPANG RENGGIANG
125,MANGGAR
125,DAMAR
125,KELAPA KAMPIT
126,RANGKUI
126,BUKIT INTAN
126,PANGKAL BALAM
126,TAMAN SARI
126,GERUNGGANG
128,MORO
128,DURAI
128,KUNDUR
128,KUNDUR UTARA
128,KUNDUR BARAT
128,KARIMUN
128,BURU
128,MERAL
128,TEBING
129,MIDAI
129,BUNGURAN BARAT
129,BUNGURAN UTARA
129,PULAU LAUT
129,PULAU TIGA
129,BUNGURAN TIMUR
129,BUNGURAN TIMUR LAUT
129,BUNGURAN TENGAH
129,BUNGURAN SELATAN
129,S E R A S A N
129,SUBI
129,SERASAN TIMUR
130,SINGKEP BARAT
130,SINGKEP
130,LINGGA
130,LINGGA UTARA
130,SENAYANG
131,BELAKANG PADANG
131,BULANG
131,GALANG
131,SEI BEDUK
131,SAGULUNG
131,NONGSA
131,BATAM KOTA
131,SEKUPANG
131,BATU AJI
131,LUBUK BAJA
131,BATU AMPAR
131,BENGKONG
132,BUKIT BESTARI
132,TANJUNGPINANG TIMUR
132,TANJUNGPINANG KOTA
132,TANJUNGPINANG BARAT
133,TANAH ABANG
133,MENTENG
133,SENEN
133,JOHAR BARU
133,CEMPAKA PUTIH
133,KEMAYORAN
133,SAWAH BESAR
133,GAMBIR
134,PENJARINGAN
134,PADEMANGAN
134,TANJUNG PRIOK
134,KOJA
134,KELAPA GADING
134,CILINCING
135,KEMBANGAN
135,KEBON JERUK
135,PALMERAH
135,GROGOL PETAMBURAN
135,TAMBORA
135,TAMAN SARI
135,CENGKARENG
135,KALI DERES
136,JAGAKARSA
136,PASAR MINGGU
136,CILANDAK
136,PESANGGRAHAN
136,KEBAYORAN LAMA
136,KEBAYORAN BARU
136,MAMPANG PRAPATAN
136,PANCORAN
136,TEBET
136,SETIA BUDI
137,PASAR REBO
137,CIRACAS
137,CIPAYUNG
137,MAKASAR
137,KRAMAT JATI
137,JATINEGARA
137,DUREN SAWIT
137,CAKUNG
137,PULO GADUNG
137,MATRAMAN
138,KEPULAUAN SERIBU SELATAN
138,KEPULAUAN SERIBU UTARA
139,NANGGUNG
139,LEUWILIANG
139,LEUWISADENG
139,PAMIJAHAN
139,CIBUNGBULANG
139,CIAMPEA
139,TENJOLAYA
139,DRAMAGA
139,CIOMAS
139,TAMANSARI
139,CIJERUK
139,CIGOMBONG
139,CARINGIN
139,CIAWI
139,CISARUA
139,MEGAMENDUNG
139,SUKARAJA
139,BABAKAN MADANG
139,SUKAMAKMUR
139,CARIU
139,TANJUNGSARI
139,JONGGOL
139,CILEUNGSI
139,KELAPA NUNGGAL
139,GUNUNG PUTRI
139,CITEUREUP
139,CIBINONG
139,BOJONG GEDE
139,TAJUR HALANG
139,KEMANG
139,RANCA BUNGUR
139,PARUNG
139,CISEENG
139,GUNUNG SINDUR
139,RUMPIN
139,CIGUDEG
139,SUKAJAYA
139,JASINGA
139,TENJO
139,PARUNG PANJANG
140,CIEMAS
140,CIRACAP
140,WALURAN
140,SURADE
140,CIBITUNG
140,JAMPANG KULON
140,CIMANGGU
140,KALI BUNDER
140,TEGAL BULEUD
140,CIDOLOG
140,SAGARANTEN
140,CIDADAP
140,CURUGKEMBAR
140,PABUARAN
140,LENGKONG
140,PELABUHAN RATU
140,SIMPENAN
140,WARUNG KIARA
140,BANTARGADUNG
140,JAMPANG TENGAH
140,PURABAYA
140,CIKEMBAR
140,NYALINDUNG
140,GEGER BITUNG
140,SUKARAJA
140,KEBONPEDES
140,CIREUNGHAS
140,SUKALARANG
140,SUKABUMI
140,KADUDAMPIT
140,CISAAT
140,GUNUNGGURUH
140,CIBADAK
140,CICANTAYAN
140,CARINGIN
140,NAGRAK
140,CIAMBAR
140,CICURUG
140,CIDAHU
140,PARAKAN SALAK
140,PARUNG KUDA
140,BOJONG GENTENG
140,KALAPA NUNGGAL
140,CIKIDANG
140,CISOLOK
140,CIKAKAK
140,KABANDUNGAN
141,AGRABINTA
141,LELES
141,SINDANGBARANG
141,CIDAUN
141,NARINGGUL
141,CIBINONG
141,CIKADU
141,TANGGEUNG
141,PASIRKUDA
141,KADUPANDAK
141,CIJATI
141,TAKOKAK
141,SUKANAGARA
141,PAGELARAN
141,CAMPAKA
141,CAMPAKA MULYA
141,CIBEBER
141,WARUNGKONDANG
141,GEKBRONG
141,CILAKU
141,SUKALUYU
141,BOJONGPICUNG
141,HAURWANGI
141,CIRANJANG
141,MANDE
141,KARANGTENGAH
141,CIANJUR
141,CUGENANG
141,PACET
141,CIPANAS
141,SUKARESMI
141,CIKALONGKULON
142,CIWIDEY
142,RANCABALI
142,PASIRJAMBU
142,CIMAUNG
142,PANGALENGAN
142,KERTASARI
142,PACET
142,IBUN
142,PASEH
142,CIKANCUNG
142,CICALENGKA
142,NAGREG
142,RANCAEKEK
142,MAJALAYA
142,SOLOKAN JERUK
142,CIPARAY
142,BALEENDAH
142,ARJASARI
142,BANJARAN
142,CANGKUANG
142,PAMEUNGPEUK
142,KATAPANG
142,SOREANG
142,KUTAWARINGIN
142,MARGAASIH
142,MARGAHAYU
142,DAYEUHKOLOT
142,BOJONGSOANG
142,CILEUNYI
142,CILENGKRANG
142,CIMENYAN
143,CISEWU
143,CARINGIN
143,TALEGONG
143,BUNGBULANG
143,MEKARMUKTI
143,PAMULIHAN
143,PAKENJENG
143,CIKELET
143,PAMEUNGPEUK
143,CIBALONG
143,CISOMPET
143,PEUNDEUY
143,SINGAJAYA
143,CIHURIP
143,CIKAJANG
143,BANJARWANGI
143,CILAWU
143,BAYONGBONG
143,CIGEDUG
143,CISURUPAN
143,SUKARESMI
143,SAMARANG
143,PASIRWANGI
143,TAROGONG KIDUL
143,TAROGONG KALER
143,GARUT KOTA
143,KARANGPAWITAN
143,WANARAJA
143,SUCINARAJA
143,PANGATIKAN
143,SUKAWENING
143,KARANGTENGAH
143,BANYURESMI
143,LELES
143,LEUWIGOONG
143,CIBATU
143,KERSAMANAH
143,CIBIUK
143,KADUNGORA
143,BLUBUR LIMBANGAN
143,SELAAWI
143,MALANGBONG
144,CIPATUJAH
144,KARANGNUNGGAL
144,CIKALONG
144,PANCATENGAH
144,CIKATOMAS
144,CIBALONG
144,PARUNGPONTENG
144,BANTARKALONG
144,BOJONGASIH
144,CULAMEGA
144,BOJONGGAMBIR
144,SODONGHILIR
144,TARAJU
144,SALAWU
144,PUSPAHIANG
144,TANJUNGJAYA
144,SUKARAJA
144,SALOPA
144,JATIWARAS
144,CINEAM
144,KARANGJAYA
144,MANONJAYA
144,GUNUNGTANJUNG
144,SINGAPARNA
144,SUKARAME
144,MANGUNREJA
144,CIGALONTANG
144,LEUWISARI
144,SARIWANGI
144,PADAKEMBANG
144,SUKARATU
144,CISAYONG
144,SUKAHENING
144,RAJAPOLAH
144,JAMANIS
144,CIAWI
144,KADIPATEN
144,PAGERAGEUNG
144,SUKARESIK
145,CIMERAK
145,CIJULANG
145,CIGUGUR
145,LANGKAPLANCAR
145,PARIGI
145,SIDAMULIH
145,PANGANDARAN
145,KALIPUCANG
145,PADAHERANG
145,MANGUNJAYA
145,BANJARSARI
145,LAKBOK
145,PURWADADI
145,PAMARICAN
145,CIDOLOG
145,CIMARAGAS
145,CIJEUNGJING
145,CISAGA
145,TAMBAKSARI
145,RANCAH
145,RAJADESA
145,SUKADANA
145,CIAMIS
145,BAREGBEG
145,CIKONENG
145,SINDANGKASIH
145,CIHAURBEUTI
145,SADANANYA
145,CIPAKU
145,JATINAGARA
145,PANAWANGAN
145,KAWALI
145,LUMBUNG
145,PANJALU
145,SUKAMANTRI
145,PANUMBANGAN
146,DARMA
146,KADUGEDE
146,NUSAHERANG
146,CINIRU
146,HANTARA
146,SELAJAMBE
146,SUBANG
146,CILEBAK
146,CIWARU
146,KARANGKANCANA
146,CIBINGBIN
146,CIBEUREUM
146,LURAGUNG
146,CIMAHI
146,CIDAHU
146,KALIMANGGIS
146,CIAWIGEBANG
146,CIPICUNG
146,LEBAKWANGI
146,MALEBER
146,GARAWANGI
146,SIDANGAGUNG
146,KUNINGAN
146,CIGUGUR
146,KRAMATMULYA
146,JALAKSANA
146,JAPARA
146,CILIMUS
146,CIGANDAMEKAR
146,MANDIRANCAN
146,PANCALANG
146,PASAWAHAN
147,WALED
147,PASALEMAN
147,CILEDUG
147,PABUARAN
147,LOSARI
147,PABEDILAN
147,BABAKAN
147,GEBANG
147,KARANGSEMBUNG
147,KARANGWARENG
147,LEMAHABANG
147,SUSUKANLEBAK
147,SEDONG
147,ASTANAJAPURA
147,PANGENAN
147,MUNDU
147,BEBER
147,GREGED
147,TALUN
147,SUMBER
147,DUKUPUNTANG
147,PALIMANAN
147,PLUMBON
147,DEPOK
147,WERU
147,PLERED
147,TENGAH TANI
147,KEDAWUNG
147,GUNUNGJATI
147,KAPETAKAN
147,SURANENGGALA
147,KLANGENAN
147,JAMBLANG
147,ARJAWINANGUN
147,PANGURAGAN
147,CIWARINGIN
147,GEMPOL
147,SUSUKAN
147,GEGESIK
147,KALIWEDI
148,LEMAHSUGIH
148,BANTARUJEG
148,MALAUSMA
148,CIKIJING
148,CINGAMBUL
148,TALAGA
148,BANJARAN
148,ARGAPURA
148,MAJA
148,MAJALENGKA
148,CIGASONG
148,SUKAHAJI
148,SINDANG
148,RAJAGALUH
148,SINDANGWANGI
148,LEUWIMUNDING
148,PALASAH
148,JATIWANGI
148,DAWUAN
148,KASOKANDEL
148,PANYINGKIRAN
148,KADIPATEN
148,KERTAJATI
148,JATITUJUH
148,LIGUNG
148,SUMBERJAYA
149,JATINANGOR
149,CIMANGGUNG
149,TANJUNGSARI
149,SUKASARI
149,PAMULIHAN
149,RANCAKALONG
149,SUMEDANG SELATAN
149,SUMEDANG UTARA
149,GANEAS
149,SITURAJA
149,CISITU
149,DARMARAJA
149,CIBUGEL
149,WADO
149,JATINUNGGAL
149,JATIGEDE
149,TOMO
149,UJUNG JAYA
149,CONGGEANG
149,PASEH
149,CIMALAKA
149,CISARUA
149,TANJUNGKERTA
149,TANJUNGMEDAR
149,BUAHDUA
149,SURIAN
150,HAURGEULIS
150,GANTAR
150,KROYA
150,GABUSWETAN
150,CIKEDUNG
150,TERISI
150,LELEA
150,BANGODUA
150,TUKDANA
150,WIDASARI
150,KERTASEMAYA
150,SUKAGUMIWANG
150,KRANGKENG
150,KARANGAMPEL
150,KEDOKAN BUNDER
150,JUNTINYUAT
150,SLIYEG
150,JATIBARANG
150,BALONGAN
150,INDRAMAYU
150,SINDANG
150,CANTIGI
150,PASEKAN
150,LOHBENER
150,ARAHAN
150,LOSARANG
150,KANDANGHAUR
150,BONGAS
150,ANJATAN
150,SUKRA
150,PATROL
151,SAGALAHERANG
151,SERANGPANJANG
151,JALANCAGAK
151,CIATER
151,CISALAK
151,KASOMALANG
151,TANJUNGSIANG
151,CIJAMBE
151,CIBOGO
151,SUBANG
151,KALIJATI
151,DAWUAN
151,CIPEUNDEUY
151,PABUARAN
151,PATOKBEUSI
151,PURWADADI
151,CIKAUM
151,PAGADEN
151,PAGADEN BARAT
151,CIPUNAGARA
151,COMPRENG
151,BINONG
151,TAMBAKDAHAN
151,CIASEM
151,PAMANUKAN
151,SUKASARI
151,PUSAKANAGARA
151,PUSAKAJAYA
151,LEGONKULON
151,BLANAKAN
152,JATILUHUR
152,SUKASARI
152,MANIIS
152,TEGAL WARU
152,PLERED
152,SUKATANI
152,DARANGDAN
152,BOJONG
152,WANAYASA
152,KIARAPEDES
152,PASAWAHAN
152,PONDOK SALAM
152,PURWAKARTA
152,BABAKANCIKAO
152,CAMPAKA
152,CIBATU
152,BUNGURSARI
153,PANGKALAN
153,TEGALWARU
153,CIAMPEL
153,TELUKJAMBE TIMUR
153,TELUKJAMBE BARAT
153,KLARI
153,CIKAMPEK
153,PURWASARI
153,TIRTAMULYA
153,JATISARI
153,BANYUSARI
153,KOTABARU
153,CILAMAYA WETAN
153,CILAMAYA KULON
153,LEMAHABANG
153,TALAGASARI
153,MAJALAYA
153,KARAWANG TIMUR
153,KARAWANG BARAT
153,RAWAMERTA
153,TEMPURAN
153,KUTAWALUYA
153,RENGASDENGKLOK
153,JAYAKERTA
153,PEDES
153,CILEBAR
153,CIBUAYA
153,TIRTAJAYA
153,BATUJAYA
153,PAKISJAYA
154,SETU
154,SERANG BARU
154,CIKARANG PUSAT
154,CIKARANG SELATAN
154,CIBARUSAH
154,BOJONGMANGU
154,CIKARANG TIMUR
154,KEDUNGWARINGIN
154,CIKARANG UTARA
154,KARANGBAHAGIA
154,CIBITUNG
154,CIKARANG BARAT
154,TAMBUN SELATAN
154,TAMBUN UTARA
154,BABELAN
154,TARUMAJAYA
154,TAMBELANG
154,SUKAWANGI
154,SUKATANI
154,SUKAKARYA
154,PEBAYURAN
154,CABANGBUNGIN
154,MUARA GEMBONG
155,BOGOR SELATAN
155,BOGOR TIMUR
155,BOGOR UTARA
155,BOGOR TENGAH
155,BOGOR BARAT
155,TANAH SEREAL
156,BAROS
156,LEMBURSITU
156,CIBEUREUM
156,CITAMIANG
156,WARUDOYONG
156,GUNUNG PUYUH
156,CIKOLE
157,RONGGA
157,GUNUNGHALU
157,SINDANGKERTA
157,CILILIN
157,CIHAMPELAS
157,CIPONGKOR
157,BATUJAJAR
157,CIPATAT
157,PADALARANG
157,NGAMPRAH
157,PARONGPONG
157,LEMBANG
157,CISARUA
157,CIKALONG WETAN
157,CIPEUNDEUY
157,BANDUNG KULON
157,BABAKAN CIPARAY
157,BOJONGLOA KALER
157,BOJONGLOA KIDUL
157,ASTANAANYAR
157,REGOL
157,LENGKONG
157,BANDUNG KIDUL
157,BUAHBATU
157,RANCASARI
157,GEDEBAGE
157,CIBIRU
157,PANYILEUKAN
157,UJUNG BERUNG
157,CINAMBO
157,ARCAMANIK
157,ANTAPANI
157,MANDALAJATI
157,KIARACONDONG
157,BATUNUNGGAL
157,SUMUR BANDUNG
157,ANDIR
157,CICENDO
157,BANDUNG WETAN
157,CIBEUNYING KIDUL
157,CIBEUNYING KALER
157,COBLONG
157,SUKAJADI
157,SUKASARI
157,CIDADAP
158,HARJAMUKTI
158,LEMAHWUNGKUK
158,PEKALIPAN
158,KESAMBI
158,KEJAKSAN
159,PONDOKGEDE
159,JATISAMPURNA
159,PONDOKMELATI
159,JATIASIH
159,BANTARGEBANG
159,MUSTIKAJAYA
159,BEKASI TIMUR
159,RAWALUMBU
159,BEKASI SELATAN
159,BEKASI BARAT
159,MEDAN SATRIA
159,BEKASI UTARA
160,SAWANGAN
160,BOJONGSARI
160,PANCORAN MAS
160,CIPAYUNG
160,SUKMA JAYA
160,CILODONG
160,CIMANGGIS
160,TAPOS
160,BEJI
160,LIMO
160,CINERE
161,CIMAHI SELATAN
161,CIMAHI TENGAH
161,CIMAHI UTARA
162,KAWALU
162,TAMANSARI
162,CIBEUREUM
162,PURBARATU
162,TAWANG
162,CIHIDEUNG
162,MANGKUBUMI
162,INDIHIANG
162,BUNGURSARI
162,CIPEDES
163,BANJAR
163,PURWAHARJA
163,PATARUMAN
163,LANGENSARI
164,DAYEUHLUHUR
164,WANAREJA
164,MAJENANG
164,CIMANGGU
164,KARANGPUCUNG
164,CIPARI
164,SIDAREJA
164,KEDUNGREJA
164,PATIMUAN
164,GANDRUNGMANGU
164,BANTARSARI
164,KAWUNGANTEN
164,KAMPUNG LAUT
164,JERUKLEGI
164,KESUGIHAN
164,ADIPALA
164,MAOS
164,SAMPANG
164,KROYA
164,BINANGUN
164,NUSAWUNGU
164,CILACAP SELATAN
164,CILACAP TENGAH
164,CILACAP UTARA
165,LUMBIR
165,WANGON
165,JATILAWANG
165,RAWALO
165,KEBASEN
165,KEMRANJEN
165,SUMPIUH
165,TAMBAK
165,SOMAGEDE
165,KALIBAGOR
165,BANYUMAS
165,PATIKRAJA
165,PURWOJATI
165,AJIBARANG
165,GUMELAR
165,PEKUNCEN
165,CILONGOK
165,KARANGLEWAS
165,KEDUNG BANTENG
165,BATURRADEN
165,SUMBANG
165,KEMBARAN
165,SOKARAJA
165,PURWOKERTO SELATAN
165,PURWOKERTO BARAT
165,PURWOKERTO TIMUR
165,PURWOKERTO UTARA
166,KEMANGKON
166,BUKATEJA
166,KEJOBONG
166,PENGADEGAN
166,KALIGONDANG
166,PURBALINGGA
166,KALIMANAH
166,PADAMARA
166,KUTASARI
166,BOJONGSARI
166,MREBET
166,BOBOTSARI
166,KARANGREJA
166,KARANGJAMBU
166,KARANGANYAR
166,KERTANEGARA
166,KARANGMONCOL
166,REMBANG
167,SUSUKAN
167,PURWOREJO KLAMPOK
167,MANDIRAJA
167,PURWANEGARA
167,BAWANG
167,BANJARNEGARA
167,PAGEDONGAN
167,SIGALUH
167,MADUKARA
167,BANJARMANGU
167,WANADADI
167,RAKIT
167,PUNGGELAN
167,KARANGKOBAR
167,PAGENTAN
167,PEJAWARAN
167,BATUR
167,WANAYASA
167,KALIBENING
167,PANDANARUM
168,AYAH
168,BUAYAN
168,PURING
168,PETANAHAN
168,KLIRONG
168,BULUSPESANTREN
168,AMBAL
168,MIRIT
168,BONOROWO
168,PREMBUN
168,PADURESO
168,KUTOWINANGUN
168,ALIAN
168,PONCOWARNO
168,KEBUMEN
168,PEJAGOAN
168,SRUWENG
168,ADIMULYO
168,KUWARASAN
168,ROWOKELE
168,SEMPOR
168,GOMBONG
168,KARANGANYAR
168,KARANGGAYAM
168,SADANG
168,KARANGSAMBUNG
169,GRABAG
169,NGOMBOL
169,PURWODADI
169,BAGELEN
169,KALIGESING
169,PURWOREJO
169,BANYU URIP
169,BAYAN
169,KUTOARJO
169,BUTUH
169,PITURUH
169,KEMIRI
169,BRUNO
169,GEBANG
169,LOANO
169,BENER
170,WADASLINTANG
170,KEPIL
170,SAPURAN
170,KALIBAWANG
170,KALIWIRO
170,LEKSONO
170,SUKOHARJO
170,SELOMERTO
170,KALIKAJAR
170,KERTEK
170,WONOSOBO
170,WATUMALANG
170,MOJOTENGAH
170,GARUNG
170,KEJAJAR
171,SALAMAN
171,BOROBUDUR
171,NGLUWAR
171,SALAM
171,SRUMBUNG
171,DUKUN
171,MUNTILAN
171,MUNGKID
171,SAWANGAN
171,CANDIMULYO
171,MERTOYUDAN
171,TEMPURAN
171,KAJORAN
171,KALIANGKRIK
171,BANDONGAN
171,WINDUSARI
171,SECANG
171,TEGALREJO
171,PAKIS
171,GRABAG
171,NGABLAK
172,SELO
172,AMPEL
172,CEPOGO
172,MUSUK
172,BOYOLALI
172,MOJOSONGO
172,TERAS
172,SAWIT
172,BANYUDONO
172,SAMBI
172,NGEMPLAK
172,NOGOSARI
172,SIMO
172,KARANGGEDE
172,KLEGO
172,ANDONG
172,KEMUSU
172,WONOSEGORO
172,JUWANGI
173,PRAMBANAN
173,GANTIWARNO
173,WEDI
173,BAYAT
173,CAWAS
173,TRUCUK
173,KALIKOTES
173,KEBONARUM
173,JOGONALAN
173,MANISRENGGO
173,KARANGNONGKO
173,NGAWEN
173,CEPER
173,PEDAN
173,KARANGDOWO
173,JUWIRING
173,WONOSARI
173,DELANGGU
173,POLANHARJO
173,KARANGANOM
173,TULUNG
173,JATINOM
173,KEMALANG
173,KLATEN SELATAN
173,KLATEN TENGAH
173,KLATEN UTARA
174,WERU
174,BULU
174,TAWANGSARI
174,SUKOHARJO
174,NGUTER
174,BENDOSARI
174,POLOKARTO
174,MOJOLABAN
174,GROGOL
174,BAKI
174,GATAK
174,KARTASURA
175,PRACIMANTORO
175,PARANGGUPITO
175,GIRITONTRO
175,GIRIWOYO
175,BATUWARNO
175,KARANGTENGAH
175,TIRTOMOYO
175,NGUNTORONADI
175,BATURETNO
175,EROMOKO
175,WURYANTORO
175,MANYARAN
175,SELOGIRI
175,WONOGIRI
175,NGADIROJO
175,SIDOHARJO
175,JATIROTO
175,KISMANTORO
175,PURWANTORO
175,BULUKERTO
175,PUHPELEM
175,SLOGOHIMO
175,JATISRONO
175,JATIPURNO
175,GIRIMARTO
176,JATIPURO
176,JATIYOSO
176,JUMAPOLO
176,JUMANTONO
176,MATESIH
176,TAWANGMANGU
176,NGARGOYOSO
176,KARANGPANDAN
176,KARANGANYAR
176,TASIKMADU
176,JATEN
176,COLOMADU
176,GONDANGREJO
176,KEBAKKRAMAT
176,MOJOGEDANG
176,KERJO
176,JENAWI
177,KALIJAMBE
177,PLUPUH
177,MASARAN
177,KEDAWUNG
177,SAMBIREJO
177,GONDANG
177,SAMBUNG MACAN
177,NGRAMPAL
177,KARANGMALANG
177,SRAGEN
177,SIDOHARJO
177,TANON
177,GEMOLONG
177,MIRI
177,SUMBERLAWANG
177,MONDOKAN
177,SUKODONO
177,GESI
177,TANGEN
177,JENAR
178,KEDUNGJATI
178,KARANGRAYUNG
178,PENAWANGAN
178,TOROH
178,GEYER
178,PULOKULON
178,KRADENAN
178,GABUS
178,NGARINGAN
178,WIROSARI
178,TAWANGHARJO
178,GROBOGAN
178,PURWODADI
178,BRATI
178,KLAMBU
178,GODONG
178,GUBUG
178,TEGOWANU
178,TANGGUNGHARJO
179,JATI
179,RANDUBLATUNG
179,KRADENAN
179,KEDUNGTUBAN
179,CEPU
179,SAMBONG
179,JIKEN
179,BOGOREJO
179,JEPON
179,KOTA BLORA
179,BANJAREJO
179,TUNJUNGAN
179,JAPAH
179,NGAWEN
179,KUNDURAN
179,TODANAN
180,SUMBER
180,BULU
180,GUNEM
180,SALE
180,SARANG
180,SEDAN
180,PAMOTAN
180,SULANG
180,KALIORI
180,REMBANG
180,PANCUR
180,KRAGAN
180,SLUKE
180,LASEM
181,SUKOLILO
181,KAYEN
181,TAMBAKROMO
181,WINONG
181,PUCAKWANGI
181,JAKEN
181,BATANGAN
181,JUWANA
181,JAKENAN
181,PATI
181,GABUS
181,MARGOREJO
181,GEMBONG
181,TLOGOWUNGU
181,WEDARIJAKSA
181,TRANGKIL
181,MARGOYOSO
181,GUNUNG WUNGKAL
181,CLUWAK
181,TAYU
181,DUKUHSETI
182,KALIWUNGU
182,KOTA KUDUS
182,JATI
182,UNDAAN
182,MEJOBO
182,JEKULO
182,BAE
182,GEBOG
182,DAWE
183,MRANGGEN
183,KARANGAWEN
183,GUNTUR
183,SAYUNG
183,KARANG TENGAH
183,BONANG
183,DEMAK
183,WONOSALAM
183,DEMPET
183,KEBONAGUNG
183,GAJAH
183,KARANGANYAR
183,MIJEN
183,WEDUNG
184,GETASAN
184,TENGARAN
184,SUSUKAN
184,KALIWUNGU
184,SURUH
184,PABELAN
184,TUNTANG
184,BANYUBIRU
184,JAMBU
184,SUMOWONO
184,AMBARAWA
184,BANDUNGAN
184,BAWEN
184,BRINGIN
184,BANCAK
184,PRINGAPUS
184,BERGAS
184,UNGARAN BARAT
184,UNGARAN TIMUR
185,PARAKAN
185,KLEDUNG
185,BANSARI
185,BULU
185,TEMANGGUNG
185,TLOGOMULYO
185,TEMBARAK
185,SELOPAMPANG
185,KRANGGAN
185,PRINGSURAT
185,KALORAN
185,KANDANGAN
185,KEDU
185,NGADIREJO
185,JUMO
185,GEMAWANG
185,CANDIROTO
185,BEJEN
185,TRETEP
185,WONOBOYO
186,PLANTUNGAN
186,SUKOREJO
186,PAGERRUYUNG
186,PATEAN
186,SINGOROJO
186,LIMBANGAN
186,BOJA
186,KALIWUNGU
186,KALIWUNGU SELATAN
186,BRANGSONG
186,PEGANDON
186,NGAMPEL
186,GEMUH
186,RINGINARUM
186,WELERI
186,ROWOSARI
186,KANGKUNG
186,CEPIRING
186,PATEBON
186,KOTA KENDAL
187,WONOTUNGGAL
187,BANDAR
187,BLADO
187,REBAN
187,BAWANG
187,TERSONO
187,GRINGSING
187,LIMPUNG
187,BANYUPUTIH
187,SUBAH
187,PECALUNGAN
187,TULIS
187,KANDEMAN
187,BATANG
187,WARUNG ASEM
188,KANDANGSERANG
188,PANINGGARAN
188,LEBAKBARANG
188,PETUNGKRIONO
188,TALUN
188,DORO
188,KARANGANYAR
188,KAJEN
188,KESESI
188,SRAGI
188,SIWALAN
188,BOJONG
188,WONOPRINGGO
188,KEDUNGWUNI
188,KARANGDADAP
188,BUARAN
188,TIRTO
188,WIRADESA
188,WONOKERTO
189,MOGA
189,WARUNGPRING
189,PULOSARI
189,BELIK
189,WATUKUMPUL
189,BODEH
189,BANTARBOLANG
189,RANDUDONGKAL
189,PEMALANG
189,TAMAN
189,PETARUKAN
189,AMPELGADING
189,COMAL
189,ULUJAMI
190,MARGASARI
190,BUMIJAWA
190,BOJONG
190,BALAPULANG
190,PAGERBARANG
190,LEBAKSIU
190,JATINEGARA
190,KEDUNG BANTENG
190,PANGKAH
190,SLAWI
190,DUKUHWARU
190,ADIWERNA
190,DUKUHTURI
190,TALANG
190,TARUB
190,KRAMAT
190,SURADADI
190,WARUREJA
191,SALEM
191,BANTARKAWUNG
191,BUMIAYU
191,PAGUYANGAN
191,SIRAMPOG
191,TONJONG
191,LARANGAN
191,KETANGGUNGAN
191,BANJARHARJO
191,LOSARI
191,TANJUNG
191,KERSANA
191,BULAKAMBA
191,WANASARI
191,SONGGOM
191,JATIBARANG
191,BREBES
192,MAGELANG SELATAN
192,MAGELANG TENGAH
192,MAGELANG UTARA
193,LAWEYAN
193,SERENGAN
193,PASAR KLIWON
193,JEBRES
193,BANJARSARI
194,ARGOMULYO
194,TINGKIR
194,SIDOMUKTI
194,SIDOREJO
195,MIJEN
195,GUNUNG PATI
195,BANYUMANIK
195,GAJAH MUNGKUR
195,SEMARANG SELATAN
195,CANDISARI
195,TEMBALANG
195,PEDURUNGAN
195,GENUK
195,GAYAMSARI
195,SEMARANG TIMUR
195,SEMARANG UTARA
195,SEMARANG TENGAH
195,SEMARANG BARAT
195,TUGU
195,NGALIYAN
196,PEKALONGAN BARAT
196,PEKALONGAN TIMUR
196,PEKALONGAN SELATAN
196,PEKALONGAN UTARA
197,TEGAL SELATAN
197,TEGAL TIMUR
197,TEGAL BARAT
197,MARGADANA
198,KEDUNG
198,PECANGAAN
198,KALINYAMATAN
198,WELAHAN
198,MAYONG
198,NALUMSARI
198,BATEALIT
198,TAHUNAN
198,JEPARA
198,MLONGGO
198,PAKIS AJI
198,BANGSRI
198,KEMBANG
198,KELING
198,DONOROJO
198,KARIMUNJAWA
199,TEMON
199,WATES
199,PANJATAN
199,GALUR
199,LENDAH
199,SENTOLO
199,PENGASIH
199,KOKAP
199,GIRIMULYO
199,NANGGULAN
199,KALIBAWANG
199,SAMIGALUH
200,SRANDAKAN
200,SANDEN
200,KRETEK
200,PUNDONG
200,BAMBANG LIPURO
200,PANDAK
200,BANTUL
200,JETIS
200,IMOGIRI
200,DLINGO
200,PLERET
200,PIYUNGAN
200,BANGUNTAPAN
200,SEWON
200,KASIHAN
200,PAJANGAN
200,SEDAYU
201,PANGGANG
201,PURWOSARI
201,PALIYAN
201,SAPTO SARI
201,TEPUS
201,TANJUNGSARI
201,RONGKOP
201,GIRISUBO
201,SEMANU
201,PONJONG
201,KARANGMOJO
201,WONOSARI
201,PLAYEN
201,PATUK
201,GEDANG SARI
201,NGLIPAR
201,NGAWEN
201,SEMIN
202,MOYUDAN
202,MINGGIR
202,SEYEGAN
202,GODEAN
202,GAMPING
202,MLATI
202,DEPOK
202,BERBAH
202,PRAMBANAN
202,KALASAN
202,NGEMPLAK
202,NGAGLIK
202,SLEMAN
202,TEMPEL
202,TURI
202,PAKEM
202,CANGKRINGAN
203,MANTRIJERON
203,KRATON
203,MERGANGSAN
203,UMBULHARJO
203,KOTAGEDE
203,GONDOKUSUMAN
203,DANUREJAN
203,PAKUALAMAN
203,GONDOMANAN
203,NGAMPILAN
203,WIROBRAJAN
203,GEDONG TENGEN
203,JETIS
203,TEGALREJO
204,DONOROJO
204,PUNUNG
204,PRINGKUKU
204,PACITAN
204,KEBONAGUNG
204,ARJOSARI
204,NAWANGAN
204,BANDAR
204,TEGALOMBO
204,TULAKAN
204,NGADIROJO
204,SUDIMORO
205,NGRAYUN
205,SLAHUNG
205,BUNGKAL
205,SAMBIT
205,SAWOO
205,SOOKO
205,PUDAK
205,PULUNG
205,MLARAK
205,SIMAN
205,JETIS
205,BALONG
205,KAUMAN
205,JAMBON
205,BADEGAN
205,SAMPUNG
205,SUKOREJO
205,PONOROGO
205,BABADAN
205,JENANGAN
205,NGEBEL
206,PANGGUL
206,MUNJUNGAN
206,WATULIMO
206,KAMPAK
206,DONGKO
206,PULE
206,KARANGAN
206,SURUH
206,GANDUSARI
206,DURENAN
206,POGALAN
206,TRENGGALEK
206,TUGU
206,BENDUNGAN
207,BESUKI
207,BANDUNG
207,PAKEL
207,CAMPUR DARAT
207,TANGGUNG GUNUNG
207,KALIDAWIR
207,PUCANG LABAN
207,REJOTANGAN
207,NGUNUT
207,SUMBERGEMPOL
207,BOYOLANGU
207,TULUNGAGUNG
207,KEDUNGWARU
207,NGANTRU
207,KARANGREJO
207,KAUMAN
207,GONDANG
207,PAGER WOJO
207,SENDANG
208,BAKUNG
208,WONOTIRTO
208,PANGGUNGREJO
208,WATES
208,BINANGUN
208,SUTOJAYAN
208,KADEMANGAN
208,KANIGORO
208,TALUN
208,SELOPURO
208,KESAMBEN
208,SELOREJO
208,DOKO
208,WLINGI
208,GANDUSARI
208,GARUM
208,NGLEGOK
208,SANANKULON
208,PONGGOK
208,SRENGAT
208,WONODADI
208,UDANAWU
209,MOJO
209,SEMEN
209,NGADILUWIH
209,KRAS
209,RINGINREJO
209,KANDAT
209,WATES
209,NGANCAR
209,PLOSOKLATEN
209,GURAH
209,PUNCU
209,KEPUNG
209,KANDANGAN
209,PARE
209,BADAS
209,KUNJANG
209,PLEMAHAN
209,PURWOASRI
209,PAPAR
209,PAGU
209,KAYEN KIDUL
209,GAMPENGREJO
209,NGASEM
209,BANYAKAN
209,GROGOL
209,TAROKAN
210,DONOMULYO
210,KALIPARE
210,PAGAK
210,BANTUR
210,GEDANGAN
210,SUMBERMANJING
210,DAMPIT
210,TIRTO YUDO
210,AMPELGADING
210,PONCOKUSUMO
210,WAJAK
210,TUREN
210,BULULAWANG
210,GONDANGLEGI
210,PAGELARAN
210,KEPANJEN
210,SUMBER PUCUNG
210,KROMENGAN
210,NGAJUM
210,WONOSARI
210,WAGIR
210,PAKISAJI
210,TAJINAN
210,TUMPANG
210,PAKIS
210,JABUNG
210,LAWANG
210,SINGOSARI
210,KARANGPLOSO
210,DAU
210,PUJON
210,NGANTANG
210,KASEMBON
211,TEMPURSARI
211,PRONOJIWO
211,CANDIPURO
211,PASIRIAN
211,TEMPEH
211,LUMAJANG
211,SUMBERSUKO
211,TEKUNG
211,KUNIR
211,YOSOWILANGUN
211,ROWOKANGKUNG
211,JATIROTO
211,RANDUAGUNG
211,SUKODONO
211,PADANG
211,PASRUJAMBE
211,SENDURO
211,GUCIALIT
211,KEDUNGJAJANG
211,KLAKAH
211,RANUYOSO
212,KENCONG
212,GUMUK MAS
212,PUGER
212,WULUHAN
212,AMBULU
212,TEMPUREJO
212,SILO
212,MAYANG
212,MUMBULSARI
212,JENGGAWAH
212,AJUNG
212,RAMBIPUJI
212,BALUNG
212,UMBULSARI
212,SEMBORO
212,JOMBANG
212,SUMBER BARU
212,TANGGUL
212,BANGSALSARI
212,PANTI
212,SUKORAMBI
212,ARJASA
212,PAKUSARI
212,KALISAT
212,LEDOKOMBO
212,SUMBERJAMBE
212,SUKOWONO
212,JELBUK
212,KALIWATES
212,SUMBERSARI
212,PATRANG
213,PESANGGARAN
213,SILIRAGUNG
213,BANGOREJO
213,PURWOHARJO
213,TEGALDLIMO
213,MUNCAR
213,CLURING
213,GAMBIRAN
213,TEGALSARI
213,GLENMORE
213,KALIBARU
213,GENTENG
213,SRONO
213,ROGOJAMPI
213,KABAT
213,SINGOJURUH
213,SEMPU
213,SONGGON
213,GLAGAH
213,LICIN
213,BANYUWANGI
213,GIRI
213,KALIPURO
213,WONGSOREJO
214,MAESAN
214,GRUJUGAN
214,TAMANAN
214,JAMBESARI DARUS SHOLAH
214,PUJER
214,TLOGOSARI
214,SUKOSARI
214,SUMBER WRINGIN
214,TAPEN
214,WONOSARI
214,TENGGARANG
214,BONDOWOSO
214,CURAH DAMI
214,BINAKAL
214,PAKEM
214,WRINGIN
214,TEGALAMPEL
214,TAMAN KROCOK
214,KLABANG
214,SEMPOL
214,BOTOLINGGO
214,PRAJEKAN
214,CERMEE
215,SUMBERMALANG
215,JATIBANTENG
215,BANYUGLUGUR
215,BESUKI
215,SUBOH
215,MLANDINGAN
215,BUNGATAN
215,KENDIT
215,PANARUKAN
215,SITUBONDO
215,MANGARAN
215,PANJI
215,KAPONGAN
215,ARJASA
215,JANGKAR
215,ASEMBAGUS
215,BANYUPUTIH
216,SUKAPURA
216,SUMBER
216,KURIPAN
216,BANTARAN
216,LECES
216,TEGALSIWALAN
216,BANYUANYAR
216,TIRIS
216,KRUCIL
216,GADING
216,PAKUNIRAN
216,KOTAANYAR
216,PAITON
216,BESUK
216,KRAKSAAN
216,KREJENGAN
216,PAJARAKAN
216,MARON
216,GENDING
216,DRINGU
216,WONOMERTO
216,LUMBANG
216,TONGAS
216,SUMBERASIH
217,PURWODADI
217,TUTUR
217,PUSPO
217,TOSARI
217,LUMBANG
217,PASREPAN
217,KEJAYAN
217,WONOREJO
217,PURWOSARI
217,PRIGEN
217,SUKOREJO
217,PANDAAN
217,GEMPOL
217,BEJI
217,BANGIL
217,REMBANG
217,KRATON
217,POHJENTREK
217,GONDANG WETAN
217,REJOSO
217,WINONGAN
217,GRATI
217,LEKOK
217,NGULING
218,TARIK
218,PRAMBON
218,KREMBUNG
218,PORONG
218,JABON
218,TANGGULANGIN
218,CANDI
218,TULANGAN
218,WONOAYU
218,SUKODONO
218,SIDOARJO
218,BUDURAN
218,SEDATI
218,WARU
218,GEDANGAN
218,TAMAN
218,KRIAN
218,BALONG BENDO
219,JATIREJO
219,GONDANG
219,PACET
219,TRAWAS
219,NGORO
219,PUNGGING
219,KUTOREJO
219,MOJOSARI
219,BANGSAL
219,MOJOANYAR
219,DLANGGU
219,PURI
219,TROWULAN
219,SOOKO
219,GEDEK
219,KEMLAGI
219,JETIS
219,DAWAR BLANDONG
220,BANDAR KEDUNG MULYO
220,PERAK
220,GUDO
220,DIWEK
220,NGORO
220,MOJOWARNO
220,BARENG
220,WONOSALAM
220,MOJOAGUNG
220,SUMOBITO
220,JOGO ROTO
220,PETERONGAN
220,JOMBANG
220,MEGALUH
220,TEMBELANG
220,KESAMBEN
220,KUDU
220,NGUSIKAN
220,PLOSO
220,KABUH
220,PLANDAAN
221,SAWAHAN
221,NGETOS
221,BERBEK
221,LOCERET
221,PACE
221,TANJUNGANOM
221,PRAMBON
221,NGRONGGOT
221,KERTOSONO
221,PATIANROWO
221,BARON
221,GONDANG
221,SUKOMORO
221,NGANJUK
221,BAGOR
221,WILANGAN
221,REJOSO
221,NGLUYU
221,LENGKONG
221,JATIKALEN
222,KEBONSARI
222,GEGER
222,DOLOPO
222,DAGANGAN
222,WUNGU
222,KARE
222,GEMARANG
222,SARADAN
222,PILANGKENCENG
222,MEJAYAN
222,WONOASRI
222,BALEREJO
222,MADIUN
222,SAWAHAN
222,JIWAN
223,PONCOL
223,PARANG
223,LEMBEYAN
223,TAKERAN
223,NGUNTORONADI
223,KAWEDANAN
223,MAGETAN
223,NGARIBOYO
223,PLAOSAN
223,SIDOREJO
223,PANEKAN
223,SUKOMORO
223,BENDO
223,MAOSPATI
223,KARANGREJO
223,KARAS
223,BARAT
223,KARTOHARJO
224,SINE
224,NGRAMBE
224,JOGOROGO
224,KENDAL
224,GENENG
224,GERIH
224,KWADUNGAN
224,PANGKUR
224,KARANGJATI
224,BRINGIN
224,PADAS
224,KASREMAN
224,NGAWI
224,PARON
224,KEDUNGGALAR
224,PITU
224,WIDODAREN
224,MANTINGAN
224,KARANGANYAR
225,MARGOMULYO
225,NGRAHO
225,TAMBAKREJO
225,NGAMBON
225,SEKAR
225,BUBULAN
225,GONDANG
225,TEMAYANG
225,SUGIHWARAS
225,KEDUNGADEM
225,KEPOH BARU
225,BAURENO
225,KANOR
225,SUMBEREJO
225,BALEN
225,SUKOSEWU
225,KAPAS
225,BOJONEGORO
225,TRUCUK
225,DANDER
225,NGASEM
225,KALITIDU
225,MALO
225,PURWOSARI
225,PADANGAN
225,KASIMAN
225,KEDEWAN
226,KENDURUAN
226,BANGILAN
226,SENORI
226,SINGGAHAN
226,MONTONG
226,PARENGAN
226,SOKO
226,RENGEL
226,GRABAGAN
226,PLUMPANG
226,WIDANG
226,PALANG
226,SEMANDING
226,TUBAN
226,JENU
226,MERAKURAK
226,KEREK
226,TAMBAKBOYO
226,JATIROGO
226,BANCAR
227,SUKORAME
227,BLULUK
227,NGIMBANG
227,SAMBENG
227,MANTUP
227,KEMBANGBAHU
227,SUGIO
227,KEDUNGPRING
227,MODO
227,BABAT
227,PUCUK
227,SUKODADI
227,LAMONGAN
227,TIKUNG
227,SARIREJO
227,DEKET
227,GLAGAH
227,KARANGBINANGUN
227,TURI
227,KALITENGAH
227,KARANG GENENG
227,SEKARAN
227,MADURAN
227,LAREN
227,SOLOKURO
227,PACIRAN
227,BRONDONG
228,WRINGINANOM
228,DRIYOREJO
228,KEDAMEAN
228,MENGANTI
228,CERME
228,BENJENG
228,BALONGPANGGANG
228,DUDUKSAMPEYAN
228,KEBOMAS
228,GRESIK
228,MANYAR
228,BUNGAH
228,SIDAYU
228,DUKUN
228,PANCENG
228,UJUNGPANGKAH
228,SANGKAPURA
228,TAMBAK
229,KAMAL
229,LABANG
229,KWANYAR
229,MODUNG
229,BLEGA
229,KONANG
229,GALIS
229,TANAH MERAH
229,TRAGAH
229,SOCAH
229,BANGKALAN
229,BURNEH
229,AROSBAYA
229,GEGER
229,KOKOP
229,TANJUNGBUMI
229,SEPULU
229,KLAMPIS
230,SRESEH
230,TORJUN
230,PANGARENGAN
230,SAMPANG
230,CAMPLONG
230,OMBEN
230,KEDUNGDUNG
230,JRENGIK
230,TAMBELANGAN
230,BANYUATES
230,ROBATAL
230,KARANG PENANG
230,KETAPANG
230,SOKOBANAH
231,TLANAKAN
231,PADEMAWU
231,GALIS
231,LARANGAN
231,PAMEKASAN
231,PROPPO
231,PALENGAAN
231,PEGANTENAN
231,KADUR
231,PAKONG
231,WARU
231,BATU MARMAR
231,PASEAN
232,PRAGAAN
232,BLUTO
232,SARONGGI
232,GILIGENTENG
232,TALANGO
232,KALIANGET
232,KOTA SUMENEP
232,BATUAN
232,LENTENG
232,GANDING
232,GULUK GULUK
232,PASONGSONGAN
232,AMBUNTEN
232,RUBARU
232,DASUK
232,MANDING
232,BATUPUTIH
232,GAPURA
232,BATANG BATANG
232,DUNGKEK
232,NONGGUNONG
232,GAYAM
232,RAAS
232,SAPEKEN
232,ARJASA
232,KANGAYAN
232,MASALEMBU
233,MOJOROTO
233,KOTA KEDIRI
233,PESANTREN
234,SUKOREJO
234,KEPANJENKIDUL
234,SANANWETAN
235,KEDUNGKANDANG
235,SUKUN
235,KLOJEN
235,BLIMBING
235,LOWOKWARU
236,KADEMANGAN
236,KEDOPOK
236,WONOASIH
236,MAYANGAN
236,KANIGARAN
237,GADINGREJO
237,PURWOREJO
237,BUGULKIDUL
238,PRAJURIT KULON
238,MAGERSARI
239,MANGU HARJO
239,TAMAN
239,KARTOHARJO
240,KARANG PILANG
240,JAMBANGAN
240,GAYUNGAN
240,WONOCOLO
240,TENGGILIS MEJOYO
240,GUNUNG ANYAR
240,RUNGKUT
240,SUKOLILO
240,MULYOREJO
240,GUBENG
240,WONOKROMO
240,DUKUH PAKIS
240,WIYUNG
240,LAKARSANTRI
240,SAMBIKEREP
240,TANDES
240,SUKO MANUNGGAL
240,SAWAHAN
240,TEGALSARI
240,GENTENG
240,TAMBAKSARI
240,KENJERAN
240,BULAK
240,SIMOKERTO
240,SEMAMPIR
240,PABEAN CANTIAN
240,BUBUTAN
240,KREMBANGAN
240,ASEMROWO
240,BENOWO
240,PAKAL
241,BATU
241,JUNREJO
241,BUMIAJI
244,MALINGPING
244,WANASALAM
244,PANGGARANGAN
244,CIHARA
244,BAYAH
244,CILOGRANG
244,CIBEBER
244,CIJAKU
244,CIGEMBLONG
244,BANJARSARI
244,CILELES
244,GUNUNG KENCANA
244,BOJONGMANIK
244,CIRINTEN
244,LEUWIDAMAR
244,MUNCANG
244,SOBANG
244,CIPANAS
244,LEBAKGEDONG
244,SAJIRA
244,CIMARGA
244,CIKULUR
244,WARUNGGUNUNG
244,CIBADAK
244,RANGKASBITUNG
244,KALANGANYAR
244,MAJA
244,CURUGBITUNG
245,CISOKA
245,SOLEAR
245,TIGARAKSA
245,JAMBE
245,CIKUPA
245,PANONGAN
245,CURUG
245,KELAPA DUA
245,LEGOK
245,PAGEDANGAN
245,CISAUK
245,PASARKEMIS
245,SINDANG JAYA
245,BALARAJA
245,JAYANTI
245,SUKAMULYA
245,KRESEK
245,GUNUNG KALER
245,KRONJO
245,MEKAR BARU
245,MAUK
245,KEMIRI
245,SUKADIRI
245,RAJEG
245,SEPATAN
245,SEPATAN TIMUR
245,PAKUHAJI
245,TELUKNAGA
245,KOSAMBI
246,CINANGKA
246,PADARINCANG
246,CIOMAS
246,PABUARAN
246,GUNUNG SARI
246,BAROS
246,PETIR
246,TUNJUNG TEJA
246,CIKEUSAL
246,PAMARAYAN
246,BANDUNG
246,JAWILAN
246,KOPO
246,CIKANDE
246,KIBIN
246,KRAGILAN
246,WARINGINKURUNG
246,MANCAK
246,ANYAR
246,BOJONEGARA
246,PULO AMPEL
246,KRAMATWATU
246,CIRUAS
246,PONTANG
246,CARENANG
246,BINUANG
246,TIRTAYASA
246,TANARA
247,CILEDUG
247,LARANGAN
247,KARANG TENGAH
247,CIPONDOH
247,PINANG
247,TANGERANG
247,KARAWACI
247,JATI UWUNG
247,CIBODAS
247,PERIUK
247,BATUCEPER
247,NEGLASARI
247,BENDA
248,CIWANDAN
248,CITANGKIL
248,PULOMERAK
248,PURWAKARTA
248,GROGOL
248,CILEGON
248,JOMBANG
248,CIBEBER
249,SUMUR
249,CIMANGGU
249,CIBALIUNG
249,CIBITUNG
249,CIKEUSIK
249,CIGEULIS
249,PANIMBANG
249,SOBANG
249,MUNJUL
249,ANGSANA
249,SINDANGRESMI
249,PICUNG
249,BOJONG
249,SAKETI
249,CISATA
249,PAGELARAN
249,PATIA
249,SUKARESMI
249,LABUAN
249,CARITA
249,JIPUT
249,CIKEDAL
249,MENES
249,PULOSARI
249,MANDALAWANGI
249,CIMANUK
249,CIPEUCANG
249,BANJAR
249,KADUHEJO
249,MEKARJAYA
249,PANDEGLANG
249,MAJASARI
249,CADASARI
249,KARANGTANJUNG
249,KORONCONG
250,MELAYA
250,NEGARA
250,JEMBRANA
250,MENDOYO
250,PEKUTATAN
251,SELEMADEG
251,SELEMADEG TIMUR
251,SELEMADEG BARAT
251,KERAMBITAN
251,TABANAN
251,KEDIRI
251,MARGA
251,BATURITI
251,PENEBEL
251,PUPUAN
252,KUTA SELATAN
252,KUTA
252,KUTA UTARA
252,MENGWI
252,ABIANSEMAL
252,PETANG
253,SUKAWATI
253,BLAHBATUH
253,GIANYAR
253,TAMPAKSIRING
253,UBUD
253,TEGALLALANG
253,PAYANGAN
254,NUSAPENIDA
254,BANJARANGKAN
254,KLUNGKUNG
254,DAWAN
255,SUSUT
255,BANGLI
255,TEMBUKU
255,KINTAMANI
256,RENDANG
256,SIDEMEN
256,MANGGIS
256,KARANGASEM
256,ABANG
256,BEBANDEM
256,SELAT
256,KUBU
257,GEROKGAK
257,SERIRIT
257,BUSUNGBIU
257,BANJAR
257,SUKASADA
257,BULELENG
257,SAWAN
257,KUBUTAMBAHAN
257,TEJAKULA
258,DENPASAR SELATAN
258,DENPASAR TIMUR
258,DENPASAR BARAT
258,DENPASAR UTARA
259,SEKOTONG TENGAH
259,LEMBAR
259,GERUNG
259,LABU API
259,KEDIRI
259,KURIPAN
259,NARMADA
259,LINGSAR
259,GUNUNG SARI
259,BATU LAYAR
260,PRAYA BARAT
260,PRAYA BARAT DAYA
260,PUJUT
260,PRAYA TIMUR
260,JANAPRIA
260,KOPANG
260,PRAYA
260,PRAYA TENGAH
260,JONGGAT
260,PRINGGARATA
260,BATUKLIANG
260,BATUKLIANG UTARA
261,KERUAK
261,JEROWARU
261,SAKRA
261,SAKRA BARAT
261,SAKRA TIMUR
261,TERARA
261,MONTONG GADING
261,SIKUR
261,MASBAGIK
261,PRINGGASELA
261,SUKAMULIA
261,SURALAGA
261,SELONG
261,LABUHAN HAJI
261,PRINGGABAYA
261,SUELA
261,AIKMEL
261,WANASABA
261,SEMBALUN
261,SAMBELIA
262,LUNYUK
262,ORONG TELU
262,ALAS
262,ALAS BARAT
262,BUER
262,UTAN
262,RHEE
262,BATULANTEH
262,SUMBAWA
262,LABUHAN BADAS
262,UNTER IWES
262,MOYOHILIR
262,MOYO UTARA
262,MOYOHULU
262,ROPANG
262,LENANGGUAR
262,LANTUNG
262,LAPE
262,LOPOK
262,PLAMPANG
262,LABANGKA
262,MARONGE
262,EMPANG
262,TARANO
263,HU'U
263,PAJO
263,DOMPU
263,WOJA
263,KILO
263,KEMPO
263,MANGGALEWA
263,PEKAT
264,MONTA
264,PARADO
264,BOLO
264,MADA PANGGA
264,WOHA
264,BELO
264,PALIBELO
264,WAWO
264,LANGGUDU
264,LAMBITU
264,SAPE
264,LAMBU
264,WERA
264,AMBALAWI
264,DONGGO
264,SOROMANDI
264,SANGGAR
264,TAMBORA
265,SEKONGKANG
265,JEREWEH
265,MALUK
265,TALIWANG
265,BRANG ENE
265,BRANG REA
265,SETELUK
265,POTO TANO
266,AMPENAN
266,SEKARBELA
266,MATARAM
266,SELAPARANG
266,CAKRANEGARA
266,SANDUBAYA
267,RASANAE BARAT
267,MPUNDA
267,RASANAE TIMUR
267,RABA
267,ASAKOTA
268,SEMAU
268,SEMAU SELATAN
268,KUPANG BARAT
268,NEKAMESE
268,KUPANG TENGAH
268,TAEBENU
268,AMARASI
268,AMARASI BARAT
268,AMARASI SELATAN
268,AMARASI TIMUR
268,KUPANG TIMUR
268,AMABI OEFETO TIMUR
268,AMABI OEFETO
268,SULAMU
268,FATULEU
268,FATULEU TENGAH
268,FATULEU BARAT
268,TAKARI
268,AMFOANG SELATAN
268,AMFOANG BARAT DAYA
268,AMFOANG TENGAH
268,AMFOANG UTARA
268,AMFOANG BARAT LAUT
268,AMFOANG TIMUR
269,MOLLO UTARA
269,FATUMNASI
269,TOBU
269,NUNBENA
269,MOLLO SELATAN
269,POLEN
269,MOLLO BARAT
269,MOLLO TENGAH
269,KOTA SOE
269,AMANUBAN BARAT
269,BATU PUTIH
269,KUATNANA
269,AMANUBAN SELATAN
269,NOEBEBA
269,KUAN FATU
269,KUALIN
269,AMANUBAN TENGAH
269,KOLBANO
269,OENINO
269,AMANUBAN TIMUR
269,FAUTMOLO
269,FATUKOPA
269,KIE
269,KOT'OLIN
269,AMANATUN SELATAN
269,BOKING
269,NUNKOLO
269,NOEBANA
269,SANTIAN
269,AMANATUN UTARA
269,TOIANAS
269,KOKBAUN
270,MIOMAFFO BARAT
270,MIOMAFFO TENGAH
270,MUSI
270,MUTIS
270,MIOMAFFO TIMUR
270,NOEMUTI
270,BIKOMI SELATAN
270,BIKOMI TENGAH
270,BIKOMI NILULAT
270,BIKOMI UTARA
270,NAIBENU
270,NOEMUTI TIMUR
270,KOTA KEFAMENANU
270,INSANA
270,INSANA UTARA
270,INSANA BARAT
270,INSANA TENGAH
270,INSANA FAFINESU
270,BIBOKI SELATAN
270,BIBOKI TANPAH
270,BIBOKI MOENLEU
270,BIBOKI UTARA
270,BIBOKI ANLEU
270,BIBOKI FEOTLEU
271,MALAKA BARAT
271,RINHAT
271,WEWIKU
271,WELIMAN
271,MALAKA TENGAH
271,SASITA MEAN
271,BOTIN LEOBELE
271,IO KUFEU
271,MALAKA TIMUR
271,LAEN MANEN
271,RAI MANUK
271,KOBALIMA
271,KOBALIMA TIMUR
271,TASIFETO BARAT
271,KAKULUK MESAK
271,NANAET DUBESI
271,ATAMBUA
271,ATAMBUA BARAT
271,ATAMBUA SELATAN
271,TASIFETO TIMUR
271,RAIHAT
271,LASIOLAT
271,LAMAKNEN
271,LAMAKNEN SELATAN
272,PANTAR
272,PANTAR BARAT
272,PANTAR TIMUR
272,PANTAR BARAT LAUT
272,PANTAR TENGAH
272,ALOR BARAT DAYA
272,MATARU
272,ALOR SELATAN
272,ALOR TIMUR
272,ALOR TIMUR LAUT
272,PUREMAN
272,TELUK MUTIARA
272,KABOLA
272,ALOR BARAT LAUT
272,ALOR TENGAH UTARA
272,PULAU PURA
272,LEMBUR
273,WULANGGITANG
273,TITEHENA
273,ILEBURA
273,TANJUNG BUNGA
273,LEWO LEMA
273,LARANTUKA
273,ILE MANDIRI
273,DEMON PAGONG
273,SOLOR BARAT
273,SOLOR SELATAN
273,SOLOR TIMUR
273,ADONARA BARAT
273,WOTAN ULU MADO
273,ADONARA TENGAH
273,ADONARA TIMUR
273,ILE BOLENG
273,WITIHAMA
273,KELUBAGOLIT
273,ADONARA
274,PAGA
274,MEGO
274,TANA WAWO
274,LELA
274,BOLA
274,DORENG
274,MAPITARA
274,TALIBURA
274,WAIGETE
274,WAIBLAMA
274,KEWAPANTE
274,HEWOKLOANG
274,KANGAE
274,PALUE
274,KOTING
274,NELLE
274,NITA
274,MAGEPANDA
274,ALOK
274,ALOK BARAT
274,ALOK TIMUR
275,NANGAPANDA
275,PULAU ENDE
275,MAUKARO
275,ENDE
275,ENDE SELATAN
275,ENDE TIMUR
275,ENDE TENGAH
275,ENDE UTARA
275,NDONA
275,NDONA TIMUR
275,WOLOWARU
275,WOLOJITA
275,LIO TIMUR
275,KELIMUTU
275,NDORI
275,MAUROLE
275,KOTABARU
275,DETUKELI
275,DETUSOKO
275,WEWARIA
276,AIMERE
276,JEREBUU
276,BAJAWA
276,GOLEWA
276,BAJAWA UTARA
276,SOA
276,RIUNG
276,RIUNG BARAT
276,WOLOMEZE
277,SATAR MESE
277,SATAR MESE BARAT
277,LANGKE REMBONG
277,RUTENG
277,WAE RII
277,LELAK
277,RAHONG UTARA
277,CIBAL
277,REOK
278,LEWA
278,NGGAHA ORIANGU
278,LEWA TIDAHU
278,KATALA HAMU LINGU
278,TABUNDUNG
278,PINUPAHAR
278,PABERIWAI
278,KARERA
278,MATAWAI LA PAWU
278,KAHAUNGU ETI
278,MAHU
278,NGADU NGALA
278,PAHUNGA LODU
278,WULA WAIJELU
278,RINDI
278,UMALULU
278,PANDAWAI
278,KAMBATA MAPAMBUHANG
278,KOTA WAINGAPU
278,KAMBERA
278,HAHARU
278,KANATANG
279,LAMBOYA
279,WANOKAKA
279,LABOYA BARAT
279,LOLI
279,KOTA WAIKABUBAK
279,TANA RIGHU
280,NAGAWUTUNG
280,WULANDONI
280,ATADEI
280,ILE APE
280,ILE APE TIMUR
280,LEBATUKAN
280,NUBATUKAN
280,OMESURI
280,BUYASARI
281,ROTE BARAT DAYA
281,ROTE BARAT LAUT
281,LOBALAIN
281,ROTE TENGAH
281,ROTE SELATAN
281,PANTAI BARU
281,ROTE TIMUR
281,ROTE BARAT
282,KOMODO
282,BOLENG
282,SANO NGGOANG
282,LEMBOR
282,WELAK
282,KUWUS
282,MACANG PACAR
283,ALAK
283,MAULAFA
283,OEBOBO
283,KOTA RAJA
283,KELAPA LIMA
283,KOTA LAMA
284,NANGA MAHAP
284,NANGA TAMAN
284,SEKADAU HULU
284,SEKADAU HILIR
284,BELITANG HILIR
284,BELITANG
284,BELITANG HULU
285,SIANTAN
285,SEGEDONG
285,SUNGAI PINYUH
285,ANJONGAN
285,MEMPAWAH HILIR
285,MEMPAWAH TIMUR
285,SUNGAI KUNYIT
285,TOHO
285,SADANIANG
286,TOBA
286,MELIAU
286,KAPUAS
286,MUKOK
286,JANGKANG
286,BONTI
286,PARINDU
286,TAYAN HILIR
286,BALAI
286,TAYAN HULU
286,KEMBAYAN
286,BEDUWAI
286,NOYAN
286,SEKAYAM
286,ENTIKONG
287,KENDAWANGAN
287,MANIS MATA
287,MARAU
287,SINGKUP
287,AIR UPAS
287,JELAI HULU
287,TUMBANG TITI
287,PEMAHAN
287,SUNGAI MELAYU RAYAK
287,MATAN HILIR SELATAN
287,BENUA KAYONG
287,MATAN HILIR UTARA
287,DELTA PAWAN
287,MUARA PAWAN
287,NANGA TAYAP
287,SANDAI
287,HULU SUNGAI
287,SUNGAI LAUR
287,SIMPANG HULU
287,SIMPANG DUA
288,SERAWAI
288,AMBALAU
288,KAYAN HULU
288,SEPAUK
288,TEMPUNAK
288,SUNGAI TEBELIAN
288,SINTANG
288,DEDAI
288,KAYAN HILIR
288,KELAM PERMAI
288,BINJAI HULU
288,KETUNGAU HILIR
288,KETUNGAU TENGAH
288,KETUNGAU HULU
289,SILAT HILIR
289,SILAT HULU
289,HULU GURUNG
289,BUNUT HULU
289,MENTEBAH
289,BIKA
289,KALIS
289,PUTUSSIBAU SELATAN
289,HULU KAPUAS
289,EMBALOH HILIR
289,BUNUT HILIR
289,BOYAN TANJUNG
289,PENGKADAN
289,JONGKONG
289,SELIMBAU
289,DANAU SENTARUM
289,SUHAID
289,SEBERUANG
289,SEMITAU
289,EMPANANG
289,PURING KENCANA
289,BADAU
289,BATANG LUPAR
289,EMBALOH HULU
289,PUTUSSIBAU UTARA
290,SUNGAI RAYA
290,CAPKALA
290,SUNGAI RAYA KEPULAUAN
290,SAMALANTAN
290,MONTERADO
290,LEMBAH BAWANG
290,BENGKAYANG
290,TERIAK
290,SUNGAI BETUNG
290,LEDO
290,SUTI SEMARANG
290,LUMAR
290,SANGGAU LEDO
290,TUJUHBELAS
290,SELUAS
290,JAGOI BABANG
290,SIDING
291,SEBANGKI
291,NGABANG
291,JELIMPO
291,SENGAH TEMILA
291,MANDOR
291,MENJALIN
291,MEMPAWAH HULU
291,SOMPAK
291,MENYUKE
291,BANYUKE HULU
291,MERANTI
291,KUALA BEHE
291,AIR BESAR
292,SOKAN
292,TANAH PINOH
292,TANAH PINOH BARAT
292,SAYAN
292,BELIMBING
292,BELIMBING HULU
292,NANGA PINOH
292,PINOH SELATAN
292,PINOH UTARA
292,ELLA HILIR
292,MENUKUNG
293,PONTIANAK SELATAN
293,PONTIANAK TENGGARA
293,PONTIANAK TIMUR
293,PONTIANAK BARAT
293,PONTIANAK KOTA
293,PONTIANAK UTARA
294,SINGKAWANG SELATAN
294,SINGKAWANG TIMUR
294,SINGKAWANG UTARA
294,SINGKAWANG BARAT
294,SINGKAWANG TENGAH
295,KOTAWARINGIN BARAT
295,KOTAWARINGIN LAMA
295,ARUT SELATAN
295,KUMAI
295,PANGKALAN BANTENG
295,PANGKALAN LADA
295,ARUT UTARA
296,MENTAYA HILIR SELATAN
296,TELUK SAMPIT
296,PULAU HANAUT
296,MENTAWA BARU/KETAPANG
296,SERANAU
296,MENTAYA HILIR UTARA
296,KOTA BESI
296,TELAWANG
296,BAAMANG
296,CEMPAGA
296,CEMPAGA HULU
296,PARENGGEAN
296,MENTAYA HULU
296,BUKIT SANTUAI
296,ANTANG KALANG
297,KAPUAS KUALA
297,TAMBAN CATUR
297,KAPUAS TIMUR
297,SELAT
297,BATAGUH
297,BASARANG
297,KAPUAS HILIR
297,PULAU PETAK
297,KAPUAS MURUNG
297,DADAHUP
297,KAPUAS BARAT
297,MANTANGAI
297,TIMPAH
297,KAPUAS TENGAH
297,PASAK TALAWANG
297,KAPUAS HULU
297,MANDAU TALAWANG
298,JENAMAS
298,DUSUN HILIR
298,KARAU KUALA
298,DUSUN SELATAN
298,DUSUN UTARA
298,GUNUNG BINTANG AWAI
299,MONTALAT
299,GUNUNG TIMANG
299,GUNUNG PUREI
299,TEWEH TIMUR
299,TEWEH TENGAH
299,LAHEI
300,KATINGAN KUALA
300,MENDAWAI
300,KAMIPANG
300,TASIK PAYAWAN
300,KATINGAN HILIR
300,TEWANG SANGALANG GARING
300,PULAU MALAN
300,KATINGAN TENGAH
300,SANAMAN MANTIKEI
300,PETAK MALAI
300,MARIKIT
300,KATINGAN HULU
300,BUKIT RAYA
301,SERUYAN HILIR
301,DANAU SEMBULUH
301,HANAU
301,SERUYAN TENGAH
301,SERUYAN HULU
302,JELAI
302,PANTAI LUNCI
302,SUKAMARA
302,BALAI RIAM
302,PERMATA KECUBUNG
303,BULIK
303,SEMATU JAYA
303,MENTHOBI RAYA
303,BULIK TIMUR
303,LAMANDAU
303,BELANTIKAN RAYA
303,DELANG
303,BATANGKAWA
304,MANUHING
304,MANUHING RAYA
304,RUNGAN
304,RUNGAN HULU
304,SEPANG
304,MIHING RAYA
304,KURUN
304,TEWAH
304,KAHAYAN HULU UTARA
304,DAMANG BATU
304,MIRI MANASA
305,KAHAYAN KUALA
305,SEBANGAU KUALA
305,PANDIH BATU
305,MALIKU
305,KAHAYAN HILIR
305,JABIREN RAYA
305,KAHAYAN TENGAH
305,BANAMATINGANG
306,PERMATA INTAN
306,SUNGAI BABUAT
306,MURUNG
306,LAUNG TUHUP
306,BARITO TUHUP RAYA
306,TANAH SIANG
306,TANAH SIANG SELATAN
306,SUMBER BARITO
306,SERIBU RIAM
306,UUT MURUNG
307,BENUA LIMA
307,DUSUN TIMUR
307,AWANG
307,PATANGKEP TUTUI
307,DUSUN TENGAH
307,PEMATANG KARAU
307,PAJU EPAT
307,RAREN BATUAH
307,PAKU
307,KARUSEN JANANG
308,PAHANDUT
308,SEBANGAU
308,JEKAN RAYA
308,BUKIT BATU
308,RAKUMPIT
309,PANYIPATAN
309,TAKISUNG
309,KURAU
309,BUMI MAKMUR
309,BATI - BATI
309,TAMBANG ULANG
309,PELAIHARI
309,BAJUIN
309,BATU AMPAR
309,JORONG
309,KINTAP
310,PULAU SEMBILAN
310,PULAU LAUT BARAT
310,PULAU LAUT SELATAN
310,PULAU LAUT KEPULAUAN
310,PULAU LAUT TIMUR
310,PULAU SEBUKU
310,PULAU LAUT UTARA
310,PULAU LAUT TENGAH
310,KELUMPANG SELATAN
310,KELUMPANG HILIR
310,KELUMPANG HULU
310,HAMPANG
310,SUNGAI DURIAN
310,KELUMPANG TENGAH
310,KELUMPANG BARAT
310,KELUMPANG UTARA
310,PAMUKAN SELATAN
310,SAMPANAHAN
310,PAMUKAN UTARA
310,PAMUKAN BARAT
311,ALUH - ALUH
311,BERUNTUNG BARU
311,GAMBUT
311,KERTAK HANYAR
311,TATAH MAKMUR
311,SUNGAI TABUK
311,MARTAPURA
311,MARTAPURA TIMUR
311,MARTAPURA BARAT
311,ASTAMBUL
311,KARANG INTAN
311,ARANIO
311,SUNGAI PINANG
311,PARAMASAN
311,PENGARON
311,SAMBUNG MAKMUR
311,MATARAMAN
311,SIMPANG EMPAT
311,TELAGA BAUNTUNG
312,TABUNGANEN
312,TAMBAN
312,MEKAR SARI
312,ANJIR PASAR
312,ANJIR MUARA
312,ALALAK
312,MANDASTANA
312,JEJANGKIT
312,BELAWANG
312,WANARAYA
312,BARAMBAI
312,RANTAU BADAUH
312,CERBON
312,BAKUMPAI
312,MARABAHAN
312,TABUKAN
312,KURIPAN
313,BINUANG
313,HATUNGUN
313,TAPIN SELATAN
313,SALAM BABARIS
313,TAPIN TENGAH
313,BUNGUR
313,PIANI
313,LOKPAIKAT
313,TAPIN UTARA
313,BAKARANGAN
313,CANDI LARAS SELATAN
313,CANDI LARAS UTARA
314,PADANG BATUNG
314,LOKSADO
314,TELAGA LANGSAT
314,ANGKINANG
314,KANDANGAN
314,SUNGAI RAYA
314,SIMPUR
314,KALUMPANG
314,DAHA SELATAN
314,DAHA BARAT
314,DAHA UTARA
315,HARUYAN
315,BATU BENAWA
315,HANTAKAN
315,BATANG ALAI SELATAN
315,BATANG ALAI TIMUR
315,BARABAI
315,LABUAN AMAS SELATAN
315,LABUAN AMAS UTARA
315,PANDAWAN
315,BATANG ALAI UTARA
315,LIMPASU
316,DANAU PANGGANG
316,PAMINGGIR
316,BABIRIK
316,SUNGAI PANDAN
316,SUNGAI TABUKAN
316,AMUNTAI SELATAN
316,AMUNTAI TENGAH
316,BANJANG
316,AMUNTAI UTARA
316,HAUR GADING
317,BANUA LAWAS
317,PUGAAN
317,KELUA
317,MUARA HARUS
317,TANTA
317,TANJUNG
317,MURUNG PUDAK
317,HARUAI
317,BINTANG ARA
317,UPAU
317,MUARA UYA
317,JARO
318,KUSAN HILIR
318,SUNGAI LOBAN
318,SATUI
318,ANGSANA
318,KUSAN HULU
318,KURANJI
318,BATU LICIN
318,KARANG BINTANG
318,SIMPANG EMPAT
318,MANTEWE
319,LAMPIHONG
319,BATU MANDI
319,AWAYAN
319,TEBING TINGGI
319,PARINGIN
319,PARINGIN SELATAN
319,JUAI
319,HALONG
320,BANJARMASIN SELATAN
320,BANJARMASIN TIMUR
320,BANJARMASIN BARAT
320,BANJARMASIN TENGAH
320,BANJARMASIN UTARA
321,LANDASAN ULIN
321,LIANG ANGGANG
321,CEMPAKA
321,BANJAR BARU UTARA
321,BANJAR BARU SELATAN
322,PASIR
322,BATU SOPANG
322,MUARA SAMU
322,BATU ENGAU
322,TANJUNG HARAPAN
322,PASIR BELENGKONG
322,TANAH GROGOT
322,KUARO
322,LONG IKIS
322,MUARA KOMAM
322,LONG KALI
323,SEMBOJA
323,MUARA JAWA
323,SANGA-SANGA
323,LOA JANAN
323,LOA KULU
323,MUARA MUNTAI
323,MUARA WIS
323,KOTABANGUN
323,TENGGARONG
323,SEBULU
323,TENGGARONG SEBERANG
323,ANGGANA
323,MUARA BADAK
323,MARANG KAYU
323,MUARA KAMAN
323,KENOHAN
323,KEMBANG JANGGUT
323,TABANG
324,KELAY
324,TALISAYAN
324,TABALAR
324,BIDUK BIDUK
324,PULAU DERAWAN
324,MARATUA
324,SAMBALIUNG
324,TANJUNG REDEB
324,GUNUNG TABUR
324,SEGAH
324,TELUK BAYUR
324,BATU PUTIH
324,BIATAN
325,PESO
325,PESO HILIR
325,TANJUNG PALAS
325,TANJUNG PALAS BARAT
325,TANJUNG PALAS UTARA
325,TANJUNG PALAS TIMUR
325,TANJUNG SELOR
325,TANJUNG PALAS TENGAH
325,SEKATAK
325,BUNYU
326,KRAYAN
326,KRAYAN SELATAN
326,LUMBIS
326,SEMBAKUNG
326,NUNUKAN
326,SEBUKU
326,NUNUKAN SELATAN
326,SEBATIK
326,SEBATIK BARAT
327,KAYAN HULU
327,SUNGAI BOH
327,KAYAN SELATAN
327,KAYAN HILIR
327,PUJUNGAN
327,BAHAU HULU
327,MALINAU KOTA
327,MALINAU SELATAN
327,MALINAU BARAT
327,MALINAU UTARA
327,MENTARANG
327,MENTARANG HULU
328,BONGAN
328,JEMPANG
328,PENYINGGAHAN
328,MUARA PAHU
328,SILUQ NGURAI
328,MUARA LAWA
328,BENTIAN BESAR
328,DAMAI
328,NYUATAN
328,BARONG TONGKOK
328,LINGGANG BIGUNG
328,MELAK
328,SEKOLAQ DARAT
328,MANOR BULATN
328,LONG IRAM
328,TERING
328,LONG HUBUNG
328,LAHAM
328,LONG BAGUN
328,LONG PAHANGAI
328,LONG APARI
329,MUARA ANCALONG
329,BUSANG
329,LONG MESANGAT
329,MUARA WAHAU
329,TELEN
329,KONGBENG
329,MUARA BENGKAL
329,BATU AMPAR
329,SANGATTA UTARA
329,BENGALON
329,TELUK PANDAN
329,SANGATTA SELATAN
329,RANTAU PULUNG
329,SANGKULIRANG
329,KALIORANG
329,SANDARAN
329,KAUBUN
329,KARANGAN
330,BABULU
330,WARU
330,PENAJAM
330,SEPAKU
331,BALIKPAPAN SELATAN
331,BALIKPAPAN TIMUR
331,BALIKPAPAN UTARA
331,BALIKPAPAN TENGAH
331,BALIKPAPAN BARAT
332,PALARAN
332,SAMARINDA ILIR
332,SAMARINDA SEBERANG
332,SUNGAI KUNJANG
332,SAMARINDA ULU
332,SAMARINDA UTARA
333,TARAKAN TIMUR
333,TARAKAN TENGAH
333,TARAKAN BARAT
333,TARAKAN UTARA
334,BONTANG SELATAN
334,BONTANG UTARA
334,BONTANG BARAT
335,BOLOANG MONGONDOW
335,DUMOGA BARAT
335,DUMOGA UTARA
335,DUMOGA TIMUR
335,LOLAYAN
335,PASSI BARAT
335,PASSI TIMUR
335,BILALANG
335,POIGAR
335,BOLAANG
335,BOLAANG TIMUR
335,LOLAK
335,SANGTOMBOLANG
336,LANGOWAN TIMUR
336,LANGOWAN BARAT
336,LANGOWAN SELATAN
336,LANGOWAN UTARA
336,TOMPASO
336,KAWANGKOAN
336,SONDER
336,TOMBARIRI
336,PINELENG
336,TOMBULU
336,TONDANO BARAT
336,TONDANO SELATAN
336,REMBOKEN
336,KAKAS
336,KAKAS BARAT
336,LEMBEAN TIMUR
336,ERIS
336,KOMBI
336,TONDANO TIMUR
336,TONDANO UTARA
337,MANGANITU SELATAN
337,TATOARENG
337,TAMAKO
337,TABUKAN SELATAN
337,TABUKAN SELATAN TENGAH
337,TABUKAN SELATAN TENGGARA
337,TABUKAN TENGAH
337,MANGANITU
337,TAHUNA
337,TAHUNA TIMUR
337,TAHUNA BARAT
337,TABUKAN UTARA
337,NUSA TABUKAN
337,KEPULAUAN MARORE
337,KENDAHE
338,KABARUAN
338,DAMAU
338,LIRUNG
338,SALIBABU
338,KALONGAN
338,MORONGE
338,MELONGUANE
338,MELONGUANE TIMUR
338,BEO
338,BEO UTARA
338,BEO SELATAN
338,RAINIS
338,TAMPA NA'MMA
338,PULUTAN
338,ESSANG
338,ESSANG SELATAN
338,GEMEH
338,NANUSA
338,MIANGAS
339,MODOINDING
339,TOMPASO BARU
339,MAESAAN
339,RANOYAPO
339,MOTOLING
339,KUMELEMBUAI
339,MOTOLING BARAT
339,MOTOLING TIMUR
339,SINONSAYANG
339,TENGA
339,AMURANG
339,AMURANG BARAT
339,AMURANG TIMUR
339,TARERAN
339,SULTA
339,TUMPAAN
339,TATAPAAN
341,BITUNG
341,MADIDIR
341,MATUARI
341,GIRIAN
341,LEMBEH SELATAN
341,LEMBEH UTARA
341,AERTEMBAGA
341,MAESA
341,RANOWULU
342,TOMOHON SELATAN
342,TOMOHON TENGAH
342,TOMOHON TIMUR
342,TOMOHON BARAT
342,TOMOHON UTARA
343,TOILI
343,TOILI BARAT
343,MOILONG
343,BATUI
343,BATUI SELATAN
343,BUNTA
343,NUHON
343,SIMPANG RAYA
343,KINTOM
343,LUWUK
343,LUWUK TIMUR
343,PAGIMANA
343,BUALEMO
343,LOBU
343,LAMALA
343,MASAMA
343,BALANTAK
343,BALANTAK SELATAN
344,PAMONA SELATAN
344,PAMONA BARAT
344,PAMONA TENGGARA
344,LORE SELATAN
344,LORE BARAT
344,PAMONA UTARA
344,PAMONA TIMUR
344,LORE UTARA
344,LORE TENGAH
344,LORE TIMUR
344,LORE PEORE
344,POSO PESISIR
344,POSO PESISIR SELATAN
344,POSO PESISIR UTARA
344,LAGE
344,POSO KOTA
344,POSO KOTA UTARA
344,POSO KOTA SELATAN
345,RIO PAKAVA
345,PINEMBANI
345,BANAWA
345,BANAWA SELATAN
345,BANAWA TENGAH
345,LABUAN
345,TANANTOVEA
345,SINDUE
345,SINDUE TOMBUSABORA
345,SINDUE TOBATA
345,SIRENJA
345,BALAESANG
345,BALAESANG TANJUNG
345,DAMSOL
345,SOJOL
345,SOJOL UTARA
346,DAMPAL SELATAN
346,DAMPAL UTARA
346,DONDO
346,OGODEIDE
346,BASIDONDO
346,BAOLAN
346,LAMPASIO
346,GALANG
346,TOLITOLI UTARA
346,DAKO PAMEAN
347,LABOBO
347,BOKAN KEPULAUAN
347,BANGKURUNG
347,BANGGAI
347,BANGGAI UTARA
347,BANGGAI TENGAH
347,BANGGAI SELATAN
347,TOTIKUM
347,TOTIKUM SELATAN
347,TINANGKUNG
347,TINANGKUNG SELATAN
347,TINANGKUNG UTARA
347,LIANG
347,PELING TENGAH
347,BULAGI
347,BULAGI SELATAN
347,BULAGI UTARA
347,BUKO
347,BUKO SELATAN
348,MENUI KEPULAUAN
348,BUNGKU SELATAN
348,BAHODOPI
348,BUNGKU TENGAH
348,BUNGKU BARAT
348,BUMI RAYA
348,WITA PONDA
348,LEMBO
348,MORI ATAS
348,MORI UTARA
348,PETASIA
348,SOYO JAYA
348,BUNGKU UTARA
348,MAMOSALATO
349,LAKEA
349,BIAU
349,KARAMAT
349,MOMUNU
349,TILOAN
349,BOKAT
349,BUKAL
349,BUNOBOGU
349,GADUNG
349,PALELEH
349,PALELEH BARAT
350,SAUSU
350,TORUE
350,BALINGGI
350,PARIGI
350,PARIGI SELATAN
350,PARIGI BARAT
350,PARIGI UTARA
350,PARIGI TENGAH
350,AMPIBABO
350,KASIMBAR
350,TORIBULU
350,SINIU
350,TINOMBO
350,TINOMBO SELATAN
350,TOMINI
350,MEPANGA
350,PALASA
350,MOUTONG
350,BOLANO LAMBUNU
350,TAOPA
351,TOJO BARAT
351,TOJO
351,ULUBONGKA
351,AMPANA TETE
351,AMPANA KOTA
351,UNA - UNA
351,TOGEAN
351,WALEA KEPULAUAN
351,WALEA BESAR
352,PALU BARAT
352,PALU SELATAN
352,PALU TIMUR
352,PALU UTARA
353,PASIMARANNU
353,PASILAMBENA
353,PASIMASSUNGGU
353,TAKABONERATE
353,PASIMASSUNGGU TIMUR
353,BONTOSIKUYU
353,BONTOHARU
353,BENTENG
353,BONTOMANAI
353,BONTOMATENE
353,BUKI
354,GANTARANG
354,UJUNG BULU
354,UJUNG LOE
354,BONTO BAHARI
354,BONTOTIRO
354,HERO LANGE-LANGE
354,KAJANG
354,BULUKUMPA
354,RILAU ALE
354,KINDANG
355,BISSAPPU
355,ULUERE
355,SINOA
355,BANTAENG
355,EREMERASA
355,TOMPOBULU
355,PA'JUKUKANG
355,GANTARANGKEKE
356,BANGKALA
356,BANGKALA BARAT
356,TAMALATEA
356,BONTORAMBA
356,BINAMU
356,TURATEA
356,BATANG
356,ARUNGKEKE
356,TAROWANG
356,KELARA
356,RUMBIA
357,MANGARA BOMBANG
357,MAPPAKASUNGGU
357,SANROBONE
357,POLOMBANGKENG SELATAN
357,PATTALLASSANG
357,POLOMBANGKENG UTARA
357,GALESONG SELATAN
357,GALESONG
357,GALESONG UTARA
358,BONTONOMPO
358,BONTONOMPO SELATAN
358,BAJENG
358,BAJENG BARAT
358,PALLANGGA
358,BAROMBONG
358,SOMBA OPU
358,BONTOMARANNU
358,PATTALLASSANG
358,PARANGLOE
358,MANUJU
358,TINGGIMONCONG
358,TOMBOLO PAO
358,PARIGI
358,BUNGAYA
358,BONTOLEMPANGAN
358,TOMPOBULU
358,BIRINGBULU
359,SINJAI BARAT
359,SINJAI BORONG
359,SINJAI SELATAN
359,TELLU LIMPOE
359,SINJAI TIMUR
359,SINJAI TENGAH
359,SINJAI UTARA
359,BULUPODDO
359,PULAU SEMBILAN
364,KONAWE
364,WAWONII SELATAN
364,WAWONII BARAT
364,WAWONII TENGAH
364,WAWONII TENGGARA
364,WAWONII TIMUR
364,WAWONII UTARA
364,WAWONII TIMUR LAUT
364,SOROPIA
364,LALONGGASUMEETO
364,SAMPARA
364,BONDOALA
364,BESULUTU
364,KAPOIALA
364,LAMBUYA
364,UEPAI
364,PURIALA
364,ONEMBUTE
364,PONDIDAHA
364,WONGGEDUKU
364,AMONGGEDO
364,WAWOTOBI
364,MELUHU
364,KONAWE
364,UNAAHA
364,ANGGABERI
364,ABUKI
364,LATOMA
364,TONGAUNA
364,ASINUA
364,ROUTA
364,TINANGGEA
364,LALEMBUU
364,ANDOOLO
364,BUKE
364,PALANGGA
364,PALANGGA SELATAN
364,BAITO
364,LAINEA
364,LAEYA
364,KOLONO
364,LAONTI
364,MORAMO
364,MORAMO UTARA
364,KONDA
364,WOLASI
364,RANOMEETO
364,RANOMEETO BARAT
364,LANDONO
364,MOWILA
364,ANGATA
364,BENUA
364,BASALA
365,MANDONGA
365,BARUGA
365,PUUWATU
365,KADIA
365,WUA-WUA
365,POASIA
365,ABELI
365,KAMBU
365,KENDARI
365,KENDARI BARAT
366,BETOAMBARI
366,MURHUM
366,WOLIO
366,KOKALUKUNA
366,SORAWOLIO
366,BUNGI
366,LEA-LEA
367,WATUBANGGA
367,TANGGETADA
367,TOARI
367,POLINGGONA
367,POMALAA
367,WUNDULAKO
367,BAULA
367,LADONGI
367,LAMBADIA
367,POLI-POLIA
367,TIRAWUTA
367,LALOLAE
367,LOEA
367,KOLAKA
367,LATAMBAGA
367,WOLO
367,SAMATURU
367,MOWEWE
367,ULUIWOI
367,TINONDO
368,KABAENA
368,KABAENA UTARA
368,KABAENA SELATAN
368,KABAENA BARAT
368,KABAENA TIMUR
368,KABAENA TENGAH
368,RUMBIA
368,MATA OLEO
368,KEP. MASALOKA RAYA
368,RUMBIA TENGAH
368,RAROWATU
368,RAROWATU UTARA
368,MATA USU
368,LANTARI JAYA
368,POLEANG TIMUR
368,POLEANG UTARA
368,POLEANG SELATAN
368,POLEANG TENGGARA
368,POLEANG
368,POLEANG BARAT
368,TONTONUNU
368,POLEANG TENGAH
369,BINONGKO
369,TOGO BINONGKO
369,TOMIA
369,TOMIA TIMUR
369,KALEDUPA
369,KALEDUPA SELATAN
369,WANGI-WANGI
369,WANGI-WANGI SELATAN
371,MANANGGU
371,TILAMUTA
371,DULUPI
371,BOTUMOITO
371,PAGUYAMAN
371,WONOSARI
371,PAGUYAMAN PANTAI
372,TAPA
372,BULANGO UTARA
372,BULANGO SELATAN
372,BULANGO TIMUR
372,BULANGO ULU
372,KABILA
372,BOTU PINGGE
372,TILONGKABILA
372,SUWAWA
372,SUWAWA SELATAN
372,SUWAWA TIMUR
372,SUWAWA TENGAH
372,BONEPANTAI
372,KABILA BONE
372,BONE RAYA
372,BONE
372,BULAWA
373,POPAYATO
373,POPAYATO BARAT
373,POPAYATO TIMUR
373,LEMITO
373,WANGGARASI
373,MARISA
373,PATILANGGIO
373,BUNTULIA
373,DUHIADAA
373,RANDANGAN
373,TALUDITI
373,PAGUAT
373,DENGILO
374,BATUDAA PANTAI
374,BILUHU
374,BATUDAA
374,BONGOMEME
374,TABONGO
374,TIBAWA
374,PULUBALA
374,BOLIYOHUTO
374,MOOTILANGO
374,TOLANGOHULA
374,ASPARAGA
374,LIMBOTO
374,LIMBOTO BARAT
374,TELAGA
374,TELAGA BIRU
374,TILANGO
374,TELAGA JAYA
374,KOTA BARAT
374,DUNGINGI
374,KOTA SELATAN
374,KOTA TIMUR
374,KOTA UTARA
374,KOTA TENGAH
384,WEDA
384,WEDA SELATAN
384,WEDA UTARA
384,WEDA TENGAH
384,PULAU GEBE
384,PATANI
384,PATANI UTARA
384,PATANI BARAT
385,MALIFUT
385,KAO TELUK
385,KAO
385,KAO BARAT
385,KAO UTARA
385,TOBELO SELATAN
385,TOBELO BARAT
385,TOBELO TIMUR
385,TOBELO
385,TOBELO TENGAH
385,TOBELO UTARA
385,GALELA
385,GALELA SELATAN
385,GALELA BARAT
385,GALELA UTARA
385,LOLODA UTARA
385,LOLODA KEPULAUAN
386,OBI SELATAN
386,OBI
386,OBI BARAT
386,OBI TIMUR
386,OBI UTARA
386,BACAN
386,MANDIOLI SELATAN
386,MANDIOLI UTARA
386,BACAN SELATAN
386,BATANG LOMANG
386,BACAN TIMUR
386,BACAN TIMUR SELATAN
386,BACAN TIMUR TENGAH
386,BACAN BARAT
386,KASIRUTA BARAT
386,KASIRUTA TIMUR
386,BACAN BARAT UTARA
386,KAYOA
386,KAYOA BARAT
386,KAYOA SELATAN
386,KAYOA UTARA
386,PULAU MAKIAN
386,MAKIAN BARAT
386,GANE BARAT
386,GANE BARAT SELATAN
386,GANE BARAT UTARA
386,KEPULAUAN JORONGA
386,GANE TIMUR
386,GANE TIMUR TENGAH
386,GANE TIMUR SELATAN
387,SULA BESI BARAT
387,SULABESI SELATAN
387,SANANA
387,SULA BESI TENGAH
387,SULABESI TIMUR
387,SANANA UTARA
387,MANGOLI TIMUR
387,MANGOLI TENGAH
387,MANGOLI UTARA TIMUR
387,MANGOLI BARAT
387,MANGOLI UTARA
387,MANGOLI SELATAN
387,TALIABU TIMUR
387,TALIABU TIMUR SELATAN
387,TALIABU BARAT
387,TALIABU UTARA
387,TALIABU BARAT LAUT
387,LEDE
387,TALIABU SELATAN
388,MABA SELATAN
388,KOTA MABA
388,WASILE SELATAN
388,WASILE
388,WASILE TIMUR
388,WASILE TENGAH
388,WASILE UTARA
388,MABA
388,MABA TENGAH
388,MABA UTARA
389,TIDORE SELATAN
389,TIDORE UTARA
389,TIDORE
389,TIDORE TIMUR
389,OBA
389,OBA SELATAN
389,OBA UTARA
389,OBA TENGAH
390,PULAU TERNATE
390,MOTI
390,PULAU BATANG DUA
390,PULAU HIRI
390,TERNATE SELATAN
390,TERNATE TENGAH
390,TERNATE UTARA
391,WEB
391,TOWE HITAM
391,SENGGI
391,WARIS
391,ARSO
391,ARSO TIMUR
391,SKANTO
394,IWUR
394,KAWOR
394,TARUP
394,AWINBON
394,OKSIBIL
394,PEPERA
394,ALEMSOM
394,SERAMBAKON
394,KOLOMDOL
394,OKSOP
394,OK BAPE
394,OK AON
394,BORME
394,BIME
394,EPUMEK
394,WEIME
394,PAMEK
394,NONGME
394,BATANI
394,OKBI
394,ABOY
394,OKBAB
394,TEIRAPLU
394,YEFTA
394,KIWIROK
394,KIWIROK TIMUR
394,OKSEBANG
394,OKHIKA
394,OKLIP
394,OKSAMOL
394,OKBEMTA
394,BATOM
394,MURKIM
394,MOFINOP
395,KURIMA
395,MUSAIK
395,DEKAI
395,OBIO
395,PASEMA
395,AMUMA
395,SURU-SURU
395,WUSAMA
395,SILIMO
395,NINIA
395,HOLUWON
395,LOLAT
395,LANGDA
395,BOMELA
395,SUNTAMON
395,SOBAHAM
395,KORUPUN
395,SELA
395,KWELAMDUA
395,ANGGRUK
395,PANGGEMA
395,WALMA
395,KOSAREK
395,UBAHAK
395,NALCA
395,PULDAMA
395,NIPSAN
395,SAMENAGE
395,TANGMA
395,SOBA
395,MUGI
395,YOGOSEM
395,KAYO
395,SUMO
395,HOGIO
395,UKHA
395,WERIMA
395,SOLOIKMA
395,SERADALA
395,KABIANGGAMA
395,KWIKMA
395,HILIPUK
395,YAHULIAMBUT
395,HEREAPINI
395,UBALIHI
395,TALAMBO
395,PRONGGOLI
395,ENDOMEN
395,KONA
395,DURAM
395,DIRWEMNA
396,KANGGIME
396,WONIKI
396,NABUNAGE
396,GILUBANDU
396,WAKUO
396,KARUBAGA
396,GOYAGE
396,WUNIN
396,KONDAGA
396,NELAWI
396,KUARI
396,BOKONDINI
396,BOKONERI
396,BEWANI
396,KEMBU
396,WINA
396,UMAGI
396,PANAGA
396,POGANERI
396,KAMBONERI
396,AIR GARAM
396,DOW
396,WARI / TAIYEVE
396,EGIAM
396,NUNGGAWI
396,KUBU
396,GEYA
396,NUMBA
396,DUNDU
396,GUNDAGI
396,TIMORI
396,YUNERI
396,TAGINERI
396,DORMAN
396,SBEY
398,JAIR
398,SUBUR
398,KIA
398,MINDIPTANA
398,INIYANDIT
398,KOMBUT
398,SESNUK
398,MANDOBO
398,FOFI
398,ARIMOP
398,KOUH
398,BOMAKIA
398,FIRIWAGE
398,MANGGELUM
398,YANIRUMA
398,KAWAGIT
398,KOMBAY
398,WAROPKO
398,AMBATKWI
398,NINATI
399,NAMBIOMAN BAPAI
399,MINYAMUR
399,EDERA
399,VENAHA
399,OBAA
399,PASSUE
399,HAJU
399,ASSUE
399,CITAKMITAK
399,KAIBAR
400,PANTAI KASUARI
400,FAYIT
400,ATSY
400,SUATOR
400,AKAT
400,AGATS
400,SAWA ERMA
400,SURU-SURU
401,SUPIORI SELATAN
401,KEPULAUAN ARURI
401,SUPIORI UTARA
401,SUPIORI BARAT
401,SUPIORI TIMUR
401,MAMBERAMO RAYA
402,NAIKERE
402,WONDIBOY
402,RASIEY
402,KURI WAMESA
402,WASIOR
402,DUAIRI
402,ROON
402,WINDESI
402,NIKIWAR
402,WAMESA
402,ROSWAR
402,RUMBERPON
402,SOUG JAYA
403,MUARA TAMI
403,ABEPURA
403,HERAM
403,JAYAPURA SELATAN
403,JAYAPURA UTARA
404,SORONG BARAT
404,SORONG KEPULAUAN
404,SORONG TIMUR
404,SORONG UTARA
404,SORONG
404,SORONG MANOI
405,FAWI
405,MULIA
405,MEWOLUK
405,YAMO
405,ILU
405,TORERE
405,JIGONIKME
405,TINGGINAMBUT
405,AGADUGUME
405,GOME
405,ILAGA
405,SINAK
405,POGOMA
405,WANGBE
405,BEOGA
405,DOUFO
406,WAROPEN BAWAH
406,INGGERUS
406,UREIFAISEI
406,OADATE
406,WAPOGA
406,MASIREI
406,RISEI SAYATI
406,DEMBA
406,WALANI
406,KIRIHI
407,KAUREH
407,AIRU
407,YAPSI
407,KEMTUK
407,KEMTUK GRESI
407,GRESI SELATAN
407,NIMBORAN
407,NIMBORAN TIMUR / NAMBLONG
407,NIMBOKRANG
407,UNURUM GUAY
407,DEMTA
407,YOKARI
407,DEPAPRE
407,RAVENIRARA
407,SENTANI BARAT
407,WAIBU
407,SENTANI
407,EBUNGFAU
407,SENTANI TIMUR
408,UWAPA
408,MENOU
408,DIPA
408,YAUR
408,TELUK UMAR
408,WANGGAR
408,NABIRE BARAT
408,NABIRE
408,TELUK KIMI
408,NAPAN
408,MAKIMI
408,WAPOGA
408,SIRIWO
408,YARO
409,FAKFAK TIMUR
409,KARAS
409,FAKFAK
409,FAKFAK TENGAH
409,FAKFAK BARAT
409,KOKAS
409,TELUK PATIPI
409,KRAMONGMONGGA
409,BOMBERAY
411,RANSIKI
411,MOMI WAREN
411,NENEI
411,SURUREY
411,ANGGI
411,TAIGE
411,MEMBEY
411,ORANSBARI
411,WARMARE
411,PRAFI
411,MENYAMBOUW
411,CATUBOUW
411,MANOKWARI BARAT
411,MANOKWARI TIMUR
411,MANOKWARI UTARA
411,MANOKWARI SELATAN
411,TESTEGA
411,TANAH RUBU
411,KEBAR
411,SENOPI
411,AMBERBAKEN
411,MUBARNI / ARFU
411,MASNI
411,SIDEY
411,TAHOSTA
411,DIDOHU
411,DATARAN ISIM
411,ANGGI GIDA
411,HINGK
412,YAPEN TIMUR
412,PANTURA YAPEN
412,TELUK AMPIMOI
412,RAIMBAWI
412,ANGKAISERA
412,KEP. AMBAI
412,YAPEN SELATAN
412,KOSIWO
412,YAPEN BARAT
412,WONAWA
412,POOM
412,WINDESI
412,BENUKI
412,SAWAI
412,MAMBERAMO ILIR
412,MAMBERAMO TENGAH
412,MAMBERAMO TENGAH TIMUR
412,ROFAER
412,MAMBERAMO ULU
413,NUMFOR BARAT
413,ORKERI
413,NUMFOR TIMUR
413,BRUYADORI
413,POIRU
413,PADAIDO
413,AINANDO PADAIDO
413,BIAK TIMUR
413,ORIDEK
413,BIAK KOTA
413,SAMOFA
413,YENDIDORI
413,BIAK UTARA
413,ANDEY
413,WARSA
413,YAWOSI
413,BONDIFUAR
413,BIAK BARAT
413,SWANDIWE
414,PANIAI TIMUR
414,YATAMO
414,KEBO
414,BIBIDA
414,DUMADAMA
414,ARADIDE
414,EKADIDE
414,PANIAI BARAT
414,SIRIWO
414,BOGOBAIDA
415,MIMIKA BARAT
415,MIMIKA BARAT JAUH
415,MIMIKA BARAT TENGAH
415,MIMIKA TIMUR
415,MIMIKA TENGAH
415,MIMIKA TIMUR JAUH
415,MIMIKA BARU
415,KUALA KENCANA
415,TEMBAGAPURA
415,AGIMUGA
415,JILA
415,JITA
416,PANTAI TIMUR BAGIAN BARAT
416,PANTAI TIMUR
416,BONGGO
416,BONGGO TIMUR
416,TOR ATAS
416,SARMI
416,SARMI TIMUR
416,SARMI SELATAN
416,PANTAI BARAT
416,APAWER HULU
418,MORAID
418,KLASO
418,MAKBON
418,KLAYILI
418,BERAUR
418,KLAMONO
418,KLABOT
418,KLAWAK
418,SALAWATI
418,MAYAMUK
418,SALAWATI TIMUR
418,SEGET
418,SEGUN
418,SALAWATI SELATAN
418,AIMAS
418,MARIAT
418,SAYOSA
418,MAUDUS
420,INANWATAN
420,METEMANI
420,KOKODA
420,KAIS
420,KOKODA UTARA
420,MOSWAREN
420,TEMINABUAN
420,SEREMUK
420,WAYER
420,KONDA
420,SAIFI
420,SAWIAT
420,FOKOUR
421,MISOOL SELATAN
421,MISOOL BARAT
421,MISOOL
421,KOFIAU
421,MISOOL TIMUR
421,KEPULAUAN SEMBILAN
421,SALAWATI UTARA
421,SELAT SAGAWIN
421,WAIGEO SELATAN
421,TELUK MAYALIBIT
421,MEOS MANSAR
421,WAIGEO BARAT
421,WAIGEO BARAT KEPULAUAN
421,WAIGEO UTARA
421,WARWARBOMI
421,KEPULAUAN AYAU
421,WAIGEO TIMUR
422,BURUWAY
422,TELUK ARGUNI
422,TELUK ARGUNI BAWAH
422,KAIMANA
422,KAMBRAU
422,TELUK ETNA
422,YAMOR
423,IRORUTU / FAFURWAR
423,BABO
423,SUMURI
423,AROBA
423,KAITARO
423,KURI
423,WAMESA
423,BINTUNI
423,MANIMERI
423,TUHIBA
423,DATARAN BEIMES
423,TEMBUNI
423,ARANDAY
423,KOMUNDAN
423,TOMU
423,WERIAGAR
423,MOSKONA SELATAN
423,MEYADO
423,MOSKONA BARAT
423,MERDEY
423,BISCOOP
423,MASYETA
423,MOSKONA UTARA
423,MOSKONA TIMUR
